Workbook

Sheet Read Me
A2: Objective | B2: To demonstrate practical Excel skills in data cleaning, validation, and documentation by transforming a raw employee dataset into a standardized, high-quality dataset ready for business use.
A3: Project Title | B3: Employee Master Data Cleaning and Validation Project
A4: Project Overview | B4: This project demonstrates the process of cleaning, validating, and standardizing an employee master dataset using Microsoft Excel. The goal is to improve data quality and prepare the dataset for reporting and analysis.
A5: Dataset Information
A6: Item | B6: Description
A7: Dataset | B7: Employee Master Data
A8: Total Records | B8: 1000
A9: Total Fields | B9: 10
A10: Software | B10: Microsoft Excel
A11: Data Validation Performed | B11: Employee ID uniqueness check
B12: Full Name formatting
B13: Gender validation
B14: Date of Birth validation
B15: Join Date validation
B16: Department validation
B17: Position validation
B18: Employment Status validation
B19: Email validation
B20: Phone Number validation
A21: Excel Functions Used | B21: IF
B22: COUNTIF
B23: EXACT
B24: PROPER
B25: TRIM
B26: LEFT
B27: RIGHT
B28: ISNUMBER
B29: FIND & REPLACE
B30: UPPER
B31: PivotTable
B32: FILTER
B33: SUBSTITUTE
B34: VLOOKUP
A35: Skills Demonstrated | B35: Microsoft Excel
B36: Data Cleaning
B37: Data Validation
B38: Data Quality Assessment
B39: Data Documentation
B40: Pivot Table
B41: Dashboard Design
A42: Project Workflow | B42: 1. Import the raw dataset.
B43: 2. Validate data quality.
B44: 3. Identify data issues.
B45: 4. Clean and standardize the data.
B46: 5. Generate a Data Quality Report.
B47: 6. Create the final clean dataset.
A48: Workbook Structure
A49: Sheet Name | B49: Description
A50: README | B50: Project overview and documentation
A51: Employee Raw | B51: Original dataset
A52: Working Copy & Validation Check | B52: Data validation process
A53: Clean Data | B53: Final cleaned dataset
A54: Data Quality Report | B54: Summary of validation results
A55: Data Cleaning Guide | B55: Data cleaning procedures
A56: Data Dictionary | B56: Description of each field
A57: Project Outcome | B57: Successfully cleaned and standardized 1,000 employee records.
B58: Corrected formatting inconsistencies.
B59: Standardized department, position, and status values.
B60: Validated email addresses, phone numbers, and date fields.
B61: Produced a clean dataset ready for reporting and analysis.

Sheet Employee_Raw
A1: Employee Master Database Management
A2: No | B2: Employee ID | C2: Full Name | D2: Gender | E2: DOB | F2: Join Date | G2: Department | H2: Position | I2: Status | J2: Email | K2: Phone
A3: 1 | B3: EMP0001 | C3: Ridwan Akmaluddin | D3: Male | E3: 1988-05-25 | F3: 2025-11-03 | G3: Prodction | H3: operator | I3: Active | J3: ridwanakmaluddin@email.com | K3: 082188191195
A4: 2 | B4: EMP0002 | C4: siti maghfiroh | D4: female | E4: 1986-10-02 | F4: 2025-11-03 | G4: Production | H4: Production | I4: active | J4: sitimaghfiroh@email.com | K4: 893260231
A5: 3 | B5: EMP0003 | C5: diyah rhodhotul avivah | D5: Female | E5: 1994-10-02 | F5: 2025-11-03 | G5: QC | H5: QC Inspector | I5: resigned | J5: diyahrhodhotulavivah@imail.com | K5: 088550888361
A6: 4 | B6: EMP0004 | C6: Avielva Zhelviany | D6: Female | E6: 2003-05-04 | F6: 2025-11-03 | G6: purchasing | H6: Purchasing Staff | I6: Active | J6: avielvazhelviany@imail.com | K6: 085713227015
A7: 5 | B7: EMP0005 | C7: Dede Mulyaningsih | D7: female | E7: 1997-11-23 | F7: 2025-11-03 | G7: Prodction | H7: Operator | I7: Active | J7: dedemulyaningsih@imail.com | K7: 080015675393
A8: 6 | B8: EMP0006 | C8: ferri riyanto | D8: male | E8: 2002-06-16 | F8: 2025-11-03 | G8: Production | H8: operator | I8: Probation | J8: ferririyanto@imail.com | K8: 082274087008
A9: 7 | B9: EMP0007 | C9: alfi nur fadilah | D9: Female | E9: 1986-10-25 | F9: 2025-11-03 | G9: QC | H9: qc inspector | I9: Active | J9: alfinurfadilah@imail.com | K9: 083226933728
A10: 8 | B10: EMP0008 | C10: Latif Ainur Rokhmah | D10: Female | E10: 1988-10-05 | F10: 2025-11-03 | G10: purchasing | H10: Purchasing Staff | I10: ACTIVE | J10: latifainurrokhmah@email.com | K10: 087585339477
A11: 9 | B11: EMP0009 | C11: Fajar B Pratama | D11: Male | E11: 1993-10-27 | F11: 2025-11-03 | G11: production | H11: operator | I11: Probation | J11: fajarbpratama@imail.com | K11: 089883379308
A12: 10 | B12: EMP0010 | C12: Veby Astriani | D12: female | E12: 1988-03-14 | F12: 2025-11-03 | G12: Production | H12: operator | I12: resigned | J12: vebyastriani@email.com | K12: 085418191103
A13: 11 | B13: EMP0011 | C13: a khoirurroziqin | D13: male | E13: 1998-03-28 | F13: 2025-11-03 | G13: finance | H13: Finance Admin | I13: probation | J13: akhoirurroziqin@imail.com | K13: 085944301279
A14: 12 | B14: EMP0012 | C14: dian nur ardilla | D14: male | E14: 1998-11-02 | F14: 2025-11-03 | G14: Engineering | H14: Technician | I14: active | J14: diannurardilla@imail.com | K14: 803522114
A15: 13 | B15: EMP0013 | C15: lutfi ardiansyah | D15: male | E15: 2001-07-30 | F15: 2025-11-03 | G15: Production | H15: operator | I15: Probation | J15: lutfiardiansyah@email.com | K15: 87480756904
A16: 14 | B16: EMP0014 | C16: rahmayanti | D16: female | E16: 2003-10-12 | F16: 2025-11-03 | G16: Production | H16: operator | I16: active | J16: rahmayanti@email.com | K16: 084798489654
A17: 15 | B17: EMP0015 | C17: Rahma Yuliana | D17: female | E17: 1999-06-16 | F17: 2025-11-03 | G17: Production | H17: operator | I17: probation | J17: rahmayuliana@email.com | K17: 853887755
A18: 16 | B18: EMP0016 | C18: wawan setiawan wandi | D18: Male | E18: 2004-01-02 | F18: 2025-11-03 | G18: Warehouse | H18: warehouse staff | I18: probation | J18: wawansetiawanwandi@email.com | K18: 080556387310
A19: 17 | B19: EMP0017 | C19: nur aisyah | D19: female | E19: 1987-11-16 | F19: 2025-11-03 | G19: Finace | H19: Finance Admin | I19: Probation | J19: nuraisyah@email.com | K19: 085278436321
A20: 18 | B20: EMP0018 | C20: Muhammad Rifal Ilyas | D20: male | E20: 1986-04-13 | F20: 2025-11-03 | G20: it | H20: it support | I20: active | J20: muhammadrifalilyas@email.com | K20: 086137380821
A21: 19 | B21: EMP0019 | C21: Tiyo Aryo | D21: male | E21: 1999-07-15 | F21: 2025-11-03 | G21: Production | H21: operator | I21: probation | J21: tiyoaryo@email.com | K21: 085740892375
A22: 20 | B22: EMP0020 | C22: Aditya Nugraha | D22: Male | E22: 2000-07-25 | F22: 2025-11-03 | G22: marketing | H22: marketing staff | I22: active | J22: adityanugraha@imail.com | K22: 087056427531
A23: 21 | B23: EMP0021 | C23: abdul aziz | D23: male | E23: 1994-07-20 | F23: 2025-11-03 | G23: Engineering | H23: Technician | I23: ACTIVE | J23: abdulaziz@imail.com | K23: 081418040871
A24: 22 | B24: EMP0022 | C24: ozi priyanto | D24: male | E24: 1987-09-27 | F24: 2025-11-03 | G24: Production | H24: operator | I24: probation | J24: ozipriyanto@email.com | K24: 087596693717
A25: 23 | B25: EMP0023 | C25: M Aditya Mumin Ansori | D25: Male | E25: 1985-08-16 | F25: 2025-11-03 | G25: marketing | H25: marketing staff | I25: ACTIVE | J25: madityamuminansori@email.com | K25: 084236403700
A26: 24 | B26: EMP0024 | C26: Siti Rochanah | D26: Female | E26: 1985-06-30 | F26: 2025-11-03 | G26: production | H26: operator | I26: resigned | J26: sitirochanah@email.com | K26: 089977416966
A27: 25 | B27: EMP0025 | C27: miske nur agustina | D27: Male | E27: 1995-05-03 | F27: 2025-11-03 | G27: warehouse | H27: Warehouse Staff | I27: Resigned | J27: miskenuragustina@email.com | K27: 085419858274
A28: 26 | B28: EMP0026 | C28: Novi Wulandari | D28: female | E28: 1985-03-02 | F28: 2025-11-03 | G28: Prodction | H28: Operator | I28: probation | J28: noviwulandari@email.com | K28: 084291820015
A29: 27 | B29: EMP0027 | C29: rohmat | D29: male | E29: 1994-02-13 | F29: 2025-11-03 | G29: Production | H29: operator | I29: Probation | J29: rohmat@email.com | K29: 085701851280
... A39: 37 | B39: EMP0037 | C39: Rizqi Amalia | D39: Female | E39: 1989-11-04 | F39: 2025-11-03 | G39: production | H39: operator | I39: Resigned | J39: rizqiamalia@email.com | K39: 086508782132
A40: 38 | B40: EMP0038 | C40: Beni | D40: Male | E40: 2001-03-09 | F40: 2025-11-03 | G40: Prodction | H40: Operator | I40: ACTIVE | J40: beni@imail.com | K40: 846922616
A41: 39 | B41: EMP0039 | C41: Vitriya Amanda Putri | D41: female | E41: 2004-01-25 | F41: 2025-11-03 | G41: hr | H41: hr staff | I41: ACTIVE | J41: vitriyaamandaputri@email.com | K41: 086460584576
A42: 40 | B42: EMP0040 | C42: Alda Surya Wijaya | D42: Male | E42: 1988-01-26 | F42: 2025-11-03 | G42: production | H42: operator | I42: resigned | J42: aldasuryawijaya@imail.com | K42: 088873927718
A43: 41 | B43: EMP0041 | C43: Fika Suci Sanawaliyah | D43: female | E43: 1987-11-24 | F43: 2025-11-03 | G43: Production | H43: operator | I43: Probation | J43: fikasucisanawaliyah@imail.com | K43: 85636332286
A44: 42 | B44: EMP0042 | C44: Bagus Wiranto | D44: Male | E44: 1990-05-01 | F44: 2025-11-03 | G44: purchasing | H44: Purchasing Staff | I44: active | J44: baguswiranto@imail.com | K44: 082626918134
A45: 43 | B45: EMP0043 | C45: Sahrul Faizal Ramadhon | D45: Male | E45: 1990-01-10 | F45: 2025-11-03 | G45: Production | H45: operator | I45: Active | J45: sahrulfaizalramadhon@email.com | K45: 084739492257
A46: 44 | B46: EMP0044 | C46: Dian Prastiana | D46: male | E46: 1987-01-08 | F46: 2025-11-03 | G46: prodution | H46: operator | I46: Probation | J46: dianprastiana@imail.com | K46: 086451989393
A47: 45 | B47: EMP0045 | C47: Uswatun Khasanah | D47: Female | E47: 1989-12-22 | F47: 2025-11-03 | G47: production | H47: Operator | I47: active | J47: uswatunkhasanah@email.com | K47: 084176066224
A48: 46 | B48: EMP0046 | C48: Ika Risyifa Khaerunissa | D48: female | E48: 1996-10-18 | F48: 2025-11-03 | G48: Production | H48: operator | I48: active | J48: ikarisyifakhaerunissa@email.com | K48: 082084751572
A49: 47 | B49: EMP0047 | C49: Ayu Pratmawati | D49: Female | E49: 1993-10-06 | F49: 2025-11-03 | G49: production | H49: Operator | I49: probation | J49: ayupratmawati@imail.com | K49: 086743969318
A50: 48 | B50: EMP0048 | C50: ilman nafiuddin | D50: Male | E50: 1985-02-11 | F50: 2025-11-03 | G50: Warehouse | H50: Warehouse Staff | I50: ACTIVE | J50: ilmannafiuddin@email.com | K50: 083285892002
A51: 49 | B51: EMP0049 | C51: nur laela pitriyana | D51: female | E51: 1997-12-25 | F51: 2025-11-03 | G51: Production | H51: Production | I51: Active | J51: nurlaelapitriyana@email.com | K51: 086710387241
A52: 50 | B52: EMP0050 | C52: Riski Ayu Fahrun Nisa | D52: female | E52: 1995-08-14 | F52: 2025-11-03 | G52: Production | H52: operator | I52: probation | J52: riskiayufahrunnisa@email.com | K52: 082425208158
... A72: 70 | B72: EMP0070 | C72: septi wulandari | D72: Female | E72: 1988-11-01 | F72: 2025-11-03 | G72: QC | H72: QC Inspector | I72: ACTIVE | J72: septiwulandari@email.com | K72: 080685453445
A73: 71 | B73: EMP0071 | C73: Egi Retno Faluqi | D73: male | E73: 1999-08-23 | F73: 2025-11-03 | G73: IT | H73: it support | I73: active | J73: egiretnofaluqi@imail.com | K73: 887061541
A74: 72 | B74: EMP0072 | C74: catur difta kahantoro | D74: male | E74: 1993-09-06 | F74: 2025-11-03 | G74: Production | H74: Production | I74: Active | J74: caturdiftakahantoro@imail.com | K74: 086944276726
A75: 73 | B75: EMP0073 | C75: David Erlangga | D75: Male | E75: 1996-01-26 | F75: 2025-11-03 | G75: production | H75: operator | I75: resigned | J75: daviderlangga@imail.com | K75: 082354936722
A76: 74 | B76: EMP0074 | C76: syafik mirza | D76: male | E76: 2002-08-22 | F76: 2025-11-03 | G76: Production | H76: operator | I76: Probation | J76: syafikmirza@email.com | K76: 081052279862
A77: 75 | B77: EMP0075 | C77: Eka Saputra Ramadhan | D77: Male | E77: 2003-10-22 | F77: 2025-11-03 | G77: marketing | H77: marketing staff | I77: ACTIVE | J77: ekasaputraramadhan@imail.com | K77: 083515663912
A78: 76 | B78: EMP0076 | C78: Lulu Syarifatul Ulum | D78: Female | E78: 1995-08-05 | F78: 2025-11-03 | G78: Production | H78: operator | I78: resigned | J78: lulusyarifatululum@email.com | K78: 084424934801
A79: 77 | B79: EMP0077 | C79: Lutfatul Latifah | D79: Female | E79: 1996-07-24 | F79: 2025-11-03 | G79: production | H79: operator | I79: Probation | J79: lutfatullatifah@email.com | K79: 088492207423
A80: 78 | B80: EMP0078 | C80: RAHMADITYA CHANDRA | D80: male | E80: 1990-01-01 | F80: 2025-11-03 | G80: prodution | H80: operator | I80: Resigned | J80: rahmadityachandra@email.com | K80: 88492207411
A81: 79 | B81: EMP0079 | C81: topari | D81: male | E81: 1993/11/27 | F81: 2025-11-03 | G81: Production | H81: operator | I81: Probation | J81: topari@email.com | K81: 84236884910
A82: 80 | B82: EMP0080 | C82: Asep Maulana | D82: male | E82: 1990-01-05 | F82: 2025-11-03 | G82: prodution | H82: operator | I82: resigned | J82: asepmaulana@imail.com | K82: 087125018420
A83: 81 | B83: EMP0081 | C83: reza pratama | D83: male | E83: 2003-12-11 | F83: 2025-11-03 | G83: Engineering | H83: Technician | I83: active | J83: rezapratama@email.com | K83: 083529677134
A84: 82 | B84: EMP0082 | C84: Adinda Kuni Zakiyah | D84: Female | E84: 1985-06-09 | F84: 2025-11-03 | G84: production | H84: Operator | I84: resigned | J84: adindakunizakiyah@imail.com | K84: 081728334904
A85: 83 | B85: EMP0083 | C85: hendra nur priharto | D85: Male | E85: 1986-04-28 | F85: 2025-11-03 | G85: QC | H85: QC Inspector | I85: Active | J85: hendranurpriharto@email.com | K85: 089098975533
A86: 84 | B86: EMP0084 | C86: Ina Rotul Koni | D86: Female | E86: 2003-11-19 | F86: 2025-11-03 | G86: purchasing | H86: Purchasing Staff | I86: active | J86: inarotulkoni@email.com | K86: 082773814282
A87: 85 | B87: EMP0085 | C87: Silvia Ayu Nurhasanah | D87: Female | E87: 1996-05-25 | F87: 2025-11-03 | G87: Production | H87: operator | I87: active | J87: silviaayunurhasanah@email.com | K87: 887161188
A88: 86 | B88: EMP0086 | C88: Rosi Anggraeni | D88: Female | E88: 1998-11-24 | F88: 2025-11-03 | G88: production | H88: Operator | I88: Probation | J88: rosianggraeni@email.com | K88: 082876489069
A89: 87 | B89: EMP0087 | C89: Galang Dimas Aditya | D89: male | E89: 1995-07-24 | F89: 2025-11-03 | G89: prodution | H89: operator | I89: Probation | J89: galangdimasaditya@imail.com | K89: 080083620338
A90: 88 | B90: EMP0088 | C90: Alaysh Awaliyah | D90: Female | E90: 2002-12-08 | F90: 2025-11-03 | G90: production | H90: operator | I90: probation | J90: alayshawaliyah@imail.com | K90: 080361557947
A91: 89 | B91: EMP0089 | C91: iqmah faiqoh | D91: Female | E91: 1993-09-15 | F91: 2025-11-03 | G91: QC | H91: QC Inspector | I91: probation | J91: iqmahfaiqoh@email.com | K91: 80361557955
A92: 90 | B92: EMP0090 | C92: afidah | D92: Female | E92: 1999-01-25 | F92: 2025-11-03 | G92: Quality Control | H92: QC Inspector | I92: ACTIVE | J92: afidah@imail.com | K92: 088804434111
A93: 91 | B93: EMP0091 | C93: amellia putri | D93: Female | E93: 1986/03/23 | F93: 2025-11-03 | G93: QC | H93: QC Inspector | I93: resigned | J93: amelliaputri@imail.com | K93: 086393498031
A94: 92 | B94: EMP0092 | C94: idris nurfauzi | D94: male | E94: 2002-04-03 | F94: 2025-11-03 | G94: Production | H94: Production | I94: Active | J94: idrisnurfauzi@email.com | K94: 089337550722
A95: 93 | B95: EMP0093 | C95: adi sepriono | D95: Male | E95: 1988-11-14 | F95: 2025-11-03 | G95: warehouse | H95: Warehouse Staff | I95: Resigned | J95: adisepriono@imail.com | K95: 085159161376
A96: 94 | B96: EMP0094 | C96: adi ratno | D96: male | E96: 1992-10-01 | F96: 2025-11-03 | G96: engineering | H96: Technician | I96: ACTIVE | J96: adiratno@imail.com | K96: 084680353271
A97: 95 | B97: EMP0095 | C97: Nur Ahmad Riski | D97: male | E97: 1995/07/22 | F97: 2025-11-03 | G97: prodution | H97: operator | I97: Probation | J97: nurahmadriski@email.com | K97: 080549868671
A98: 96 | B98: EMP0096 | C98: Santi Widiastuti | D98: female | E98: 1991-03-01 | F98: 2025-11-03 | G98: Production | H98: operator | I98: Probation | J98: santiwidiastuti@email.com | K98: 89133580201
A99: 97 | B99: EMP0097 | C99: ulil hidayati | D99: female | E99: 1999/10/19 | F99: 2025-11-03 | G99: Production | H99: operator | I99: probation | J99: ulilhidayati@email.com | K99: 081049312552
A100: 98 | B100: EMP0098 | C100: imelia | D100: Female | E100: 1990-11-29 | F100: 2025-11-03 | G100: QC | H100: QC Inspector | I100: active | J100: imelia@email.com | K100: 086771796215
A101: 99 | B101: EMP0099 | C101: Nurmala Destriana | D101: female | E101: 1985-05-18 | F101: 2025-11-03 | G101: production | H101: operator | I101: probation | J101: nurmaladestriana@email.com | K101: 82274534759
A102: 100 | B102: EMP0100 | C102: Moh Arham Samudro | D102: male | E102: 1989/03/02 | F102: 2025-11-03 | G102: prodution | H102: operator | I102: probation | J102: moharhamsamudro@email.com | K102: 082065990266
A103: 101 | B103: EMP0101 | C103: wahyu umar said | D103: male | E103: 1993/09/05 | F103: 2025-11-03 | G103: engineering | H103: technician | I103: active | J103: wahyuumarsaid@email.com | K103: 081638057793
... A115: 113 | B115: EMP0113 | C115: Hermawati | D115: female | E115: 1991-07-12 | F115: 2025-11-03 | G115: Production | H115: operator | I115: probation | J115: hermawati@email.com | K115: 082913790841
A116: 114 | B116: EMP0114 | C116: Nurul Mulyaningsih | D116: Female | E116: 2000-07-26 | F116: 2025-11-03 | G116: Production | H116: Operator | I116: Probation | J116: nurulmulyaningsih@email.com | K116: 85018323941
A117: 115 | B117: EMP0115 | C117: Ragil Amalia Az Zahrah | D117: Female | E117: 2001-03-16 | F117: 2025-11-03 | G117: production | H117: operator | I117: Probation | J117: ragilamaliaazzahrah@email.com | K117: 085018323931
A118: 116 | B118: EMP0116 | C118: Mochamad Erwin Rois | D118: Male | E118: 1997-05-21 | F118: 2025-11-03 | G118: Production | H118: operator | I118: ACTIVE | J118: mochamaderwinrois@email.com | K118: 81941365199
A119: 117 | B119: EMP0117 | C119: muhammad syahrul ahnan | D119: Male | E119: 1987-01-25 | F119: 2025-11-03 | G119: warehouse | H119: warehouse staff | I119: ACTIVE | J119: muhammadsyahrulahnan@email.com | K119: 082104364954
A120: 118 | B120: EMP0118 | C120: Didi Agus Setiawan | D120: male | E120: 1993-09-09 | F120: 2025-11-03 | G120: prodution | H120: operator | I120: Resigned | J120: didiagussetiawan@imail.com | K120: 086559762033
A121: 119 | B121: EMP0119 | C121: Khayrunisha Salsabila | D121: Female | E121: 1994-08-07 | F121: 2025-11-03 | G121: production | H121: operator | I121: Probation | J121: khayrunishasalsabila@email.com | K121: 080752089213
A122: 120 | B122: EMP0120 | C122: Diah Safitri | D122: Female | E122: 1994-10-20 | F122: 2025-11-03 | G122: production | H122: Operator | I122: resigned | J122: diahsafitri@imail.com | K122: 089265929501
A123: 121 | B123: EMP0121 | C123: Gandhis Sekar Taji | D123: female | E123: 1986-06-17 | F123: 2025-11-03 | G123: HR | H123: hr staff | I123: Active | J123: gandhissekartaji@imail.com | K123: 082824785186
A124: 122 | B124: EMP0122 | C124: Aditya Eka Saputra | D124: male | E124: 1995-06-11 | F124: 2025-11-03 | G124: prodution | H124: operator | I124: resigned | J124: adityaekasaputra@imail.com | K124: 089965861330
A125: 123 | B125: EMP0123 | C125: Khofiatus Syukur Pratama | D125: male | E125: 1989-11-27 | F125: 2025-11-03 | G125: Production | H125: operator | I125: ACTIVE | J125: khofiatussyukurpratama@email.com | K125: 868658328
A126: 124 | B126: EMP0124 | C126: Nimas Serli Purwanti | D126: female | E126: 1991-08-03 | F126: 2025-11-03 | G126: hr | H126: hr staff | I126: Resigned | J126: nimasserlipurwanti@email.com | K126: 084191247802
A127: 125 | B127: EMP0125 | C127: Oki Feri Nursandi | D127: male | E127: 1995-08-07 | F127: 2025-11-03 | G127: prodution | H127: operator | I127: resigned | J127: okiferinursandi@email.com | K127: 082940326329
A128: 126 | B128: EMP0126 | C128: Muhamad Parikhi | D128: male | E128: 1997/07/26 | F128: 2025-11-03 | G128: IT | H128: it support | I128: ACTIVE | J128: muhamadparikhi@email.com | K128: 82102612193
A129: 127 | B129: EMP0127 | C129: Rian Adi Saputra | D129: Male | E129: 1991-10-26 | F129: 2025-11-03 | G129: production | H129: operator | I129: Probation | J129: rianadisaputra@email.com | K129: 854279230
A130: 128 | B130: EMP0128 | C130: sepria adimulya | D130: Male | E130: 2000-12-27 | F130: 2025-11-03 | G130: warehouse | H130: Warehouse Staff | I130: ACTIVE | J130: sepriaadimulya@email.com | K130: 082635081873
A131: 129 | B131: EMP0129 | C131: Ismiatun Maghfiroh | D131: Female | E131: 1996-12-26 | F131: 2025-11-03 | G131: purchasing | H131: purchasing staff | I131: Active | J131: ismiatunmaghfiroh@email.com | K131: 088933868092
A132: 130 | B132: EMP0130 | C132: krisna juni pamungkas | D132: male | E132: 2002-10-25 | F132: 2025-11-03 | G132: Production | H132: operator | I132: active | J132: krisnajunipamungkas@email.com | K132: 085493560022
A133: 131 | B133: EMP0131 | C133: Azzahra Mulyaningtyas | D133: female | E133: 2003-04-06 | F133: 2025-11-03 | G133: production | H133: operator | I133: resigned | J133: azzahramulyaningtyas@imail.com | K133: 087827766076
A134: 132 | B134: EMP0132 | C134: Siti Rahayu | D134: Female | E134: 2003-09-26 | F134: 2025-11-03 | G134: production | H134: operator | I134: probation | J134: sitirahayu@email.com | K134: 083069540028
A135: 133 | B135: EMP0133 | C135: Cintiya Meilina | D135: female | E135: 1992-09-22 | F135: 2025-11-03 | G135: hr | H135: hr staff | I135: Active | J135: cintiyameilina@imail.com | K135: 085794523761
A136: 134 | B136: EMP0134 | C136: Wiwik Juniarsih | D136: Female | E136: 1992-05-13 | F136: 2025-11-03 | G136: Production | H136: Operator | I136: resigned | J136: wiwikjuniarsih@email.com | K136: 801337301
A137: 135 | B137: EMP0135 | C137: dian elga prastika | D137: female | E137: 2000-09-07 | F137: 2025-11-03 | G137: Production | H137: Production | I137: Active | J137: dianelgaprastika@imail.com | K137: 088375734850
A138: 136 | B138: EMP0136 | C138: M Niki Cahaya Purnomo | D138: male | E138: 1988-02-19 | F138: 2025-11-03 | G138: Production | H138: operator | I138: resigned | J138: mnikicahayapurnomo@email.com | K138: 084665500406
A139: 137 | B139: EMP0137 | C139: ranti livia sari | D139: Female | E139: 1987-08-26 | F139: 2025-11-03 | G139: Quality Control | H139: qc inspector | I139: resigned | J139: rantiliviasari@email.com | K139: 082870294285
...

Sheet Working Copy & Validation Check
A1: Employee Master Database Management | M1: Validation Check
A2: No | B2: Employee ID | C2: Full Name | D2: Gender | E2: DOB | F2: Join Date | G2: Department | H2: Position | I2: Status | J2: Email | K2: Phone | M2: Employee ID Check | N2: Full Name Check | O2: Gender Check | P2: DOB Check | Q2: Join Date Check | R2: Department Check | S2: Position Check | T2: Status Check | U2: Email Check | V2: Phone Check
A3: 1 | B3: EMP0001 | C3: Ridwan Akmaluddin | D3: Male | E3: 1988-05-25 | F3: 2025-11-03 | G3: Prodction | H3: operator | I3: Active | J3: ridwanakmaluddin@email.com | K3: 082188191195 | M3: =IF(COUNTIF($B$3:$B$1002,B3)>1,"Duplicate","Ok") -> Ok | N3: =EXACT(C3,PROPER(C3)) -> TRUE | O3: =EXACT(D3,PROPER(D3)) -> TRUE | P3: =IF(ISNUMBER(E3),"TRUE","FALSE") -> FALSE | Q3: =IF(ISNUMBER(F3),"TRUE","FALSE") -> FALSE | R3: =EXACT(G3,PROPER(G3)) -> TRUE | S3: =EXACT(H3,PROPER(H3)) -> FALSE | T3: =EXACT(I3,PROPER(I3)) -> TRUE | U3: =IF(RIGHT(J3,10)="@email.com","TRUE","FALSE") -> TRUE | V3: =IF(LEFT(K3,2)="08","TRUE","FALSE") -> TRUE
A4: 2 | B4: EMP0002 | C4: siti maghfiroh | D4: female | E4: 1986-10-02 | F4: 2025-11-03 | G4: Production | H4: Production | I4: active | J4: sitimaghfiroh@email.com | K4: 893260231 | M4: =IF(COUNTIF($B$3:$B$1002,B4)>1,"Duplicate","Ok") -> Ok | N4: =EXACT(C4,PROPER(C4)) -> FALSE | O4: =EXACT(D4,PROPER(D4)) -> FALSE | P4: =IF(ISNUMBER(E4),"TRUE","FALSE") -> FALSE | Q4: =IF(ISNUMBER(F4),"TRUE","FALSE") -> FALSE | R4: =EXACT(G4,PROPER(G4)) -> TRUE | S4: =EXACT(H4,PROPER(H4)) -> TRUE | T4: =EXACT(I4,PROPER(I4)) -> FALSE | U4: =IF(RIGHT(J4,10)="@email.com","TRUE","FALSE") -> TRUE | V4: =IF(LEFT(K4,2)="08","TRUE","FALSE") -> FALSE
A5: 3 | B5: EMP0003 | C5: diyah rhodhotul avivah | D5: Female | E5: 1994-10-02 | F5: 2025-11-03 | G5: QC | H5: QC Inspector | I5: resigned | J5: diyahrhodhotulavivah@imail.com | K5: 088550888361 | M5: =IF(COUNTIF($B$3:$B$1002,B5)>1,"Duplicate","Ok") -> Ok | N5: =EXACT(C5,PROPER(C5)) -> FALSE | O5: =EXACT(D5,PROPER(D5)) -> TRUE | P5: =IF(ISNUMBER(E5),"TRUE","FALSE") -> FALSE | Q5: =IF(ISNUMBER(F5),"TRUE","FALSE") -> FALSE | R5: =EXACT(G5,PROPER(G5)) -> FALSE | S5: =EXACT(H5,PROPER(H5)) -> FALSE | T5: =EXACT(I5,PROPER(I5)) -> FALSE | U5: =IF(RIGHT(J5,10)="@email.com","TRUE","FALSE") -> FALSE | V5: =IF(LEFT(K5,2)="08","TRUE","FALSE") -> TRUE
A6: 4 | B6: EMP0004 | C6: Avielva Zhelviany | D6: Female | E6: 2003-05-04 | F6: 2025-11-03 | G6: purchasing | H6: Purchasing Staff | I6: Active | J6: avielvazhelviany@imail.com | K6: 085713227015 | M6: =IF(COUNTIF($B$3:$B$1002,B6)>1,"Duplicate","Ok") -> Ok | N6: =EXACT(C6,PROPER(C6)) -> TRUE | O6: =EXACT(D6,PROPER(D6)) -> TRUE | P6: =IF(ISNUMBER(E6),"TRUE","FALSE") -> FALSE | Q6: =IF(ISNUMBER(F6),"TRUE","FALSE") -> FALSE | R6: =EXACT(G6,PROPER(G6)) -> FALSE | S6: =EXACT(H6,PROPER(H6)) -> TRUE | T6: =EXACT(I6,PROPER(I6)) -> TRUE | U6: =IF(RIGHT(J6,10)="@email.com","TRUE","FALSE") -> FALSE | V6: =IF(LEFT(K6,2)="08","TRUE","FALSE") -> TRUE
A7: 5 | B7: EMP0005 | C7: Dede Mulyaningsih | D7: female | E7: 1997-11-23 | F7: 2025-11-03 | G7: Prodction | H7: Operator | I7: Active | J7: dedemulyaningsih@imail.com | K7: 080015675393 | M7: =IF(COUNTIF($B$3:$B$1002,B7)>1,"Duplicate","Ok") -> Ok | N7: =EXACT(C7,PROPER(C7)) -> TRUE | O7: =EXACT(D7,PROPER(D7)) -> FALSE | P7: =IF(ISNUMBER(E7),"TRUE","FALSE") -> FALSE | Q7: =IF(ISNUMBER(F7),"TRUE","FALSE") -> FALSE | R7: =EXACT(G7,PROPER(G7)) -> TRUE | S7: =EXACT(H7,PROPER(H7)) -> TRUE | T7: =EXACT(I7,PROPER(I7)) -> TRUE | U7: =IF(RIGHT(J7,10)="@email.com","TRUE","FALSE") -> FALSE | V7: =IF(LEFT(K7,2)="08","TRUE","FALSE") -> TRUE
A8: 6 | B8: EMP0006 | C8: ferri riyanto | D8: male | E8: 2002-06-16 | F8: 2025-11-03 | G8: Production | H8: operator | I8: Probation | J8: ferririyanto@imail.com | K8: 082274087008 | M8: =IF(COUNTIF($B$3:$B$1002,B8)>1,"Duplicate","Ok") -> Ok | N8: =EXACT(C8,PROPER(C8)) -> FALSE | O8: =EXACT(D8,PROPER(D8)) -> FALSE | P8: =IF(ISNUMBER(E8),"TRUE","FALSE") -> FALSE | Q8: =IF(ISNUMBER(F8),"TRUE","FALSE") -> FALSE | R8: =EXACT(G8,PROPER(G8)) -> TRUE | S8: =EXACT(H8,PROPER(H8)) -> FALSE | T8: =EXACT(I8,PROPER(I8)) -> TRUE | U8: =IF(RIGHT(J8,10)="@email.com","TRUE","FALSE") -> FALSE | V8: =IF(LEFT(K8,2)="08","TRUE","FALSE") -> TRUE
A9: 7 | B9: EMP0007 | C9: alfi nur fadilah | D9: Female | E9: 1986-10-25 | F9: 2025-11-03 | G9: QC | H9: qc inspector | I9: Active | J9: alfinurfadilah@imail.com | K9: 083226933728 | M9: =IF(COUNTIF($B$3:$B$1002,B9)>1,"Duplicate","Ok") -> Ok | N9: =EXACT(C9,PROPER(C9)) -> FALSE | O9: =EXACT(D9,PROPER(D9)) -> TRUE | P9: =IF(ISNUMBER(E9),"TRUE","FALSE") -> FALSE | Q9: =IF(ISNUMBER(F9),"TRUE","FALSE") -> FALSE | R9: =EXACT(G9,PROPER(G9)) -> FALSE | S9: =EXACT(H9,PROPER(H9)) -> FALSE | T9: =EXACT(I9,PROPER(I9)) -> TRUE | U9: =IF(RIGHT(J9,10)="@email.com","TRUE","FALSE") -> FALSE | V9: =IF(LEFT(K9,2)="08","TRUE","FALSE") -> TRUE
A10: 8 | B10: EMP0008 | C10: Latif Ainur Rokhmah | D10: Female | E10: 1988-10-05 | F10: 2025-11-03 | G10: purchasing | H10: Purchasing Staff | I10: ACTIVE | J10: latifainurrokhmah@email.com | K10: 087585339477 | M10: =IF(COUNTIF($B$3:$B$1002,B10)>1,"Duplicate","Ok") -> Ok | N10: =EXACT(C10,PROPER(C10)) -> TRUE | O10: =EXACT(D10,PROPER(D10)) -> TRUE | P10: =IF(ISNUMBER(E10),"TRUE","FALSE") -> FALSE | Q10: =IF(ISNUMBER(F10),"TRUE","FALSE") -> FALSE | R10: =EXACT(G10,PROPER(G10)) -> FALSE | S10: =EXACT(H10,PROPER(H10)) -> TRUE | T10: =EXACT(I10,PROPER(I10)) -> FALSE | U10: =IF(RIGHT(J10,10)="@email.com","TRUE","FALSE") -> TRUE | V10: =IF(LEFT(K10,2)="08","TRUE","FALSE") -> TRUE
A11: 9 | B11: EMP0009 | C11: Fajar B Pratama | D11: Male | E11: 1993-10-27 | F11: 2025-11-03 | G11: production | H11: operator | I11: Probation | J11: fajarbpratama@imail.com | K11: 089883379308 | M11: =IF(COUNTIF($B$3:$B$1002,B11)>1,"Duplicate","Ok") -> Ok | N11: =EXACT(C11,PROPER(C11)) -> TRUE | O11: =EXACT(D11,PROPER(D11)) -> TRUE | P11: =IF(ISNUMBER(E11),"TRUE","FALSE") -> FALSE | Q11: =IF(ISNUMBER(F11),"TRUE","FALSE") -> FALSE | R11: =EXACT(G11,PROPER(G11)) -> FALSE | S11: =EXACT(H11,PROPER(H11)) -> FALSE | T11: =EXACT(I11,PROPER(I11)) -> TRUE | U11: =IF(RIGHT(J11,10)="@email.com","TRUE","FALSE") -> FALSE | V11: =IF(LEFT(K11,2)="08","TRUE","FALSE") -> TRUE
A12: 10 | B12: EMP0010 | C12: Veby Astriani | D12: female | E12: 1988-03-14 | F12: 2025-11-03 | G12: Production | H12: operator | I12: resigned | J12: vebyastriani@email.com | K12: 085418191103 | M12: =IF(COUNTIF($B$3:$B$1002,B12)>1,"Duplicate","Ok") -> Ok | N12: =EXACT(C12,PROPER(C12)) -> TRUE | O12: =EXACT(D12,PROPER(D12)) -> FALSE | P12: =IF(ISNUMBER(E12),"TRUE","FALSE") -> FALSE | Q12: =IF(ISNUMBER(F12),"TRUE","FALSE") -> FALSE | R12: =EXACT(G12,PROPER(G12)) -> TRUE | S12: =EXACT(H12,PROPER(H12)) -> FALSE | T12: =EXACT(I12,PROPER(I12)) -> FALSE | U12: =IF(RIGHT(J12,10)="@email.com","TRUE","FALSE") -> TRUE | V12: =IF(LEFT(K12,2)="08","TRUE","FALSE") -> TRUE
A13: 11 | B13: EMP0011 | C13: a khoirurroziqin | D13: male | E13: 1998-03-28 | F13: 2025-11-03 | G13: finance | H13: Finance Admin | I13: probation | J13: akhoirurroziqin@imail.com | K13: 085944301279 | M13: =IF(COUNTIF($B$3:$B$1002,B13)>1,"Duplicate","Ok") -> Ok | N13: =EXACT(C13,PROPER(C13)) -> FALSE | O13: =EXACT(D13,PROPER(D13)) -> FALSE | P13: =IF(ISNUMBER(E13),"TRUE","FALSE") -> FALSE | Q13: =IF(ISNUMBER(F13),"TRUE","FALSE") -> FALSE | R13: =EXACT(G13,PROPER(G13)) -> FALSE | S13: =EXACT(H13,PROPER(H13)) -> TRUE | T13: =EXACT(I13,PROPER(I13)) -> FALSE | U13: =IF(RIGHT(J13,10)="@email.com","TRUE","FALSE") -> FALSE | V13: =IF(LEFT(K13,2)="08","TRUE","FALSE") -> TRUE
A14: 12 | B14: EMP0012 | C14: dian nur ardilla | D14: male | E14: 1998-11-02 | F14: 2025-11-03 | G14: Engineering | H14: Technician | I14: active | J14: diannurardilla@imail.com | K14: 803522114 | M14: =IF(COUNTIF($B$3:$B$1002,B14)>1,"Duplicate","Ok") -> Ok | N14: =EXACT(C14,PROPER(C14)) -> FALSE | O14: =EXACT(D14,PROPER(D14)) -> FALSE | P14: =IF(ISNUMBER(E14),"TRUE","FALSE") -> FALSE | Q14: =IF(ISNUMBER(F14),"TRUE","FALSE") -> FALSE | R14: =EXACT(G14,PROPER(G14)) -> TRUE | S14: =EXACT(H14,PROPER(H14)) -> TRUE | T14: =EXACT(I14,PROPER(I14)) -> FALSE | U14: =IF(RIGHT(J14,10)="@email.com","TRUE","FALSE") -> FALSE | V14: =IF(LEFT(K14,2)="08","TRUE","FALSE") -> FALSE
A15: 13 | B15: EMP0013 | C15: lutfi ardiansyah | D15: male | E15: 2001-07-30 | F15: 2025-11-03 | G15: Production | H15: operator | I15: Probation | J15: lutfiardiansyah@email.com | K15: 87480756904 | M15: =IF(COUNTIF($B$3:$B$1002,B15)>1,"Duplicate","Ok") -> Ok | N15: =EXACT(C15,PROPER(C15)) -> FALSE | O15: =EXACT(D15,PROPER(D15)) -> FALSE | P15: =IF(ISNUMBER(E15),"TRUE","FALSE") -> FALSE | Q15: =IF(ISNUMBER(F15),"TRUE","FALSE") -> FALSE | R15: =EXACT(G15,PROPER(G15)) -> TRUE | S15: =EXACT(H15,PROPER(H15)) -> FALSE | T15: =EXACT(I15,PROPER(I15)) -> TRUE | U15: =IF(RIGHT(J15,10)="@email.com","TRUE","FALSE") -> TRUE | V15: =IF(LEFT(K15,2)="08","TRUE","FALSE") -> FALSE
A16: 14 | B16: EMP0014 | C16: rahmayanti | D16: female | E16: 2003-10-12 | F16: 2025-11-03 | G16: Production | H16: operator | I16: active | J16: rahmayanti@email.com | K16: 084798489654 | M16: =IF(COUNTIF($B$3:$B$1002,B16)>1,"Duplicate","Ok") -> Ok | N16: =EXACT(C16,PROPER(C16)) -> FALSE | O16: =EXACT(D16,PROPER(D16)) -> FALSE | P16: =IF(ISNUMBER(E16),"TRUE","FALSE") -> FALSE | Q16: =IF(ISNUMBER(F16),"TRUE","FALSE") -> FALSE | R16: =EXACT(G16,PROPER(G16)) -> TRUE | S16: =EXACT(H16,PROPER(H16)) -> FALSE | T16: =EXACT(I16,PROPER(I16)) -> FALSE | U16: =IF(RIGHT(J16,10)="@email.com","TRUE","FALSE") -> TRUE | V16: =IF(LEFT(K16,2)="08","TRUE","FALSE") -> TRUE
A17: 15 | B17: EMP0015 | C17: Rahma Yuliana | D17: female | E17: 1999-06-16 | F17: 2025-11-03 | G17: Production | H17: operator | I17: probation | J17: rahmayuliana@email.com | K17: 853887755 | M17: =IF(COUNTIF($B$3:$B$1002,B17)>1,"Duplicate","Ok") -> Ok | N17: =EXACT(C17,PROPER(C17)) -> TRUE | O17: =EXACT(D17,PROPER(D17)) -> FALSE | P17: =IF(ISNUMBER(E17),"TRUE","FALSE") -> FALSE | Q17: =IF(ISNUMBER(F17),"TRUE","FALSE") -> FALSE | R17: =EXACT(G17,PROPER(G17)) -> TRUE | S17: =EXACT(H17,PROPER(H17)) -> FALSE | T17: =EXACT(I17,PROPER(I17)) -> FALSE | U17: =IF(RIGHT(J17,10)="@email.com","TRUE","FALSE") -> TRUE | V17: =IF(LEFT(K17,2)="08","TRUE","FALSE") -> FALSE
A18: 16 | B18: EMP0016 | C18: wawan setiawan wandi | D18: Male | E18: 2004-01-02 | F18: 2025-11-03 | G18: Warehouse | H18: warehouse staff | I18: probation | J18: wawansetiawanwandi@email.com | K18: 080556387310 | M18: =IF(COUNTIF($B$3:$B$1002,B18)>1,"Duplicate","Ok") -> Ok | N18: =EXACT(C18,PROPER(C18)) -> FALSE | O18: =EXACT(D18,PROPER(D18)) -> TRUE | P18: =IF(ISNUMBER(E18),"TRUE","FALSE") -> FALSE | Q18: =IF(ISNUMBER(F18),"TRUE","FALSE") -> FALSE | R18: =EXACT(G18,PROPER(G18)) -> TRUE | S18: =EXACT(H18,PROPER(H18)) -> FALSE | T18: =EXACT(I18,PROPER(I18)) -> FALSE | U18: =IF(RIGHT(J18,10)="@email.com","TRUE","FALSE") -> TRUE | V18: =IF(LEFT(K18,2)="08","TRUE","FALSE") -> TRUE
A19: 17 | B19: EMP0017 | C19: nur aisyah | D19: female | E19: 1987-11-16 | F19: 2025-11-03 | G19: Finace | H19: Finance Admin | I19: Probation | J19: nuraisyah@email.com | K19: 085278436321 | M19: =IF(COUNTIF($B$3:$B$1002,B19)>1,"Duplicate","Ok") -> Ok | N19: =EXACT(C19,PROPER(C19)) -> FALSE | O19: =EXACT(D19,PROPER(D19)) -> FALSE | P19: =IF(ISNUMBER(E19),"TRUE","FALSE") -> FALSE | Q19: =IF(ISNUMBER(F19),"TRUE","FALSE") -> FALSE | R19: =EXACT(G19,PROPER(G19)) -> TRUE | S19: =EXACT(H19,PROPER(H19)) -> TRUE | T19: =EXACT(I19,PROPER(I19)) -> TRUE | U19: =IF(RIGHT(J19,10)="@email.com","TRUE","FALSE") -> TRUE | V19: =IF(LEFT(K19,2)="08","TRUE","FALSE") -> TRUE
A20: 18 | B20: EMP0018 | C20: Muhammad Rifal Ilyas | D20: male | E20: 1986-04-13 | F20: 2025-11-03 | G20: it | H20: it support | I20: active | J20: muhammadrifalilyas@email.com | K20: 086137380821 | M20: =IF(COUNTIF($B$3:$B$1002,B20)>1,"Duplicate","Ok") -> Ok | N20: =EXACT(C20,PROPER(C20)) -> TRUE | O20: =EXACT(D20,PROPER(D20)) -> FALSE | P20: =IF(ISNUMBER(E20),"TRUE","FALSE") -> FALSE | Q20: =IF(ISNUMBER(F20),"TRUE","FALSE") -> FALSE | R20: =EXACT(G20,PROPER(G20)) -> FALSE | S20: =EXACT(H20,PROPER(H20)) -> FALSE | T20: =EXACT(I20,PROPER(I20)) -> FALSE | U20: =IF(RIGHT(J20,10)="@email.com","TRUE","FALSE") -> TRUE | V20: =IF(LEFT(K20,2)="08","TRUE","FALSE") -> TRUE
A21: 19 | B21: EMP0019 | C21: Tiyo Aryo | D21: male | E21: 1999-07-15 | F21: 2025-11-03 | G21: Production | H21: operator | I21: probation | J21: tiyoaryo@email.com | K21: 085740892375 | M21: =IF(COUNTIF($B$3:$B$1002,B21)>1,"Duplicate","Ok") -> Ok | N21: =EXACT(C21,PROPER(C21)) -> TRUE | O21: =EXACT(D21,PROPER(D21)) -> FALSE | P21: =IF(ISNUMBER(E21),"TRUE","FALSE") -> FALSE | Q21: =IF(ISNUMBER(F21),"TRUE","FALSE") -> FALSE | R21: =EXACT(G21,PROPER(G21)) -> TRUE | S21: =EXACT(H21,PROPER(H21)) -> FALSE | T21: =EXACT(I21,PROPER(I21)) -> FALSE | U21: =IF(RIGHT(J21,10)="@email.com","TRUE","FALSE") -> TRUE | V21: =IF(LEFT(K21,2)="08","TRUE","FALSE") -> TRUE
A22: 20 | B22: EMP0020 | C22: Aditya Nugraha | D22: Male | E22: 2000-07-25 | F22: 2025-11-03 | G22: marketing | H22: marketing staff | I22: active | J22: adityanugraha@imail.com | K22: 087056427531 | M22: =IF(COUNTIF($B$3:$B$1002,B22)>1,"Duplicate","Ok") -> Ok | N22: =EXACT(C22,PROPER(C22)) -> TRUE | O22: =EXACT(D22,PROPER(D22)) -> TRUE | P22: =IF(ISNUMBER(E22),"TRUE","FALSE") -> FALSE | Q22: =IF(ISNUMBER(F22),"TRUE","FALSE") -> FALSE | R22: =EXACT(G22,PROPER(G22)) -> FALSE | S22: =EXACT(H22,PROPER(H22)) -> FALSE | T22: =EXACT(I22,PROPER(I22)) -> FALSE | U22: =IF(RIGHT(J22,10)="@email.com","TRUE","FALSE") -> FALSE | V22: =IF(LEFT(K22,2)="08","TRUE","FALSE") -> TRUE
A23: 21 | B23: EMP0021 | C23: abdul aziz | D23: male | E23: 1994-07-20 | F23: 2025-11-03 | G23: Engineering | H23: Technician | I23: ACTIVE | J23: abdulaziz@imail.com | K23: 081418040871 | M23: =IF(COUNTIF($B$3:$B$1002,B23)>1,"Duplicate","Ok") -> Ok | N23: =EXACT(C23,PROPER(C23)) -> FALSE | O23: =EXACT(D23,PROPER(D23)) -> FALSE | P23: =IF(ISNUMBER(E23),"TRUE","FALSE") -> FALSE | Q23: =IF(ISNUMBER(F23),"TRUE","FALSE") -> FALSE | R23: =EXACT(G23,PROPER(G23)) -> TRUE | S23: =EXACT(H23,PROPER(H23)) -> TRUE | T23: =EXACT(I23,PROPER(I23)) -> FALSE | U23: =IF(RIGHT(J23,10)="@email.com","TRUE","FALSE") -> FALSE | V23: =IF(LEFT(K23,2)="08","TRUE","FALSE") -> TRUE
A24: 22 | B24: EMP0022 | C24: ozi priyanto | D24: male | E24: 1987-09-27 | F24: 2025-11-03 | G24: Production | H24: operator | I24: probation | J24: ozipriyanto@email.com | K24: 087596693717 | M24: =IF(COUNTIF($B$3:$B$1002,B24)>1,"Duplicate","Ok") -> Ok | N24: =EXACT(C24,PROPER(C24)) -> FALSE | O24: =EXACT(D24,PROPER(D24)) -> FALSE | P24: =IF(ISNUMBER(E24),"TRUE","FALSE") -> FALSE | Q24: =IF(ISNUMBER(F24),"TRUE","FALSE") -> FALSE | R24: =EXACT(G24,PROPER(G24)) -> TRUE | S24: =EXACT(H24,PROPER(H24)) -> FALSE | T24: =EXACT(I24,PROPER(I24)) -> FALSE | U24: =IF(RIGHT(J24,10)="@email.com","TRUE","FALSE") -> TRUE | V24: =IF(LEFT(K24,2)="08","TRUE","FALSE") -> TRUE
A25: 23 | B25: EMP0023 | C25: M Aditya Mumin Ansori | D25: Male | E25: 1985-08-16 | F25: 2025-11-03 | G25: marketing | H25: marketing staff | I25: ACTIVE | J25: madityamuminansori@email.com | K25: 084236403700 | M25: =IF(COUNTIF($B$3:$B$1002,B25)>1,"Duplicate","Ok") -> Ok | N25: =EXACT(C25,PROPER(C25)) -> TRUE | O25: =EXACT(D25,PROPER(D25)) -> TRUE | P25: =IF(ISNUMBER(E25),"TRUE","FALSE") -> FALSE | Q25: =IF(ISNUMBER(F25),"TRUE","FALSE") -> FALSE | R25: =EXACT(G25,PROPER(G25)) -> FALSE | S25: =EXACT(H25,PROPER(H25)) -> FALSE | T25: =EXACT(I25,PROPER(I25)) -> FALSE | U25: =IF(RIGHT(J25,10)="@email.com","TRUE","FALSE") -> TRUE | V25: =IF(LEFT(K25,2)="08","TRUE","FALSE") -> TRUE
A26: 24 | B26: EMP0024 | C26: Siti Rochanah | D26: Female | E26: 1985-06-30 | F26: 2025-11-03 | G26: production | H26: operator | I26: resigned | J26: sitirochanah@email.com | K26: 089977416966 | M26: =IF(COUNTIF($B$3:$B$1002,B26)>1,"Duplicate","Ok") -> Ok | N26: =EXACT(C26,PROPER(C26)) -> TRUE | O26: =EXACT(D26,PROPER(D26)) -> TRUE | P26: =IF(ISNUMBER(E26),"TRUE","FALSE") -> FALSE | Q26: =IF(ISNUMBER(F26),"TRUE","FALSE") -> FALSE | R26: =EXACT(G26,PROPER(G26)) -> FALSE | S26: =EXACT(H26,PROPER(H26)) -> FALSE | T26: =EXACT(I26,PROPER(I26)) -> FALSE | U26: =IF(RIGHT(J26,10)="@email.com","TRUE","FALSE") -> TRUE | V26: =IF(LEFT(K26,2)="08","TRUE","FALSE") -> TRUE
A27: 25 | B27: EMP0025 | C27: miske nur agustina | D27: Male | E27: 1995-05-03 | F27: 2025-11-03 | G27: warehouse | H27: Warehouse Staff | I27: Resigned | J27: miskenuragustina@email.com | K27: 085419858274 | M27: =IF(COUNTIF($B$3:$B$1002,B27)>1,"Duplicate","Ok") -> Ok | N27: =EXACT(C27,PROPER(C27)) -> FALSE | O27: =EXACT(D27,PROPER(D27)) -> TRUE | P27: =IF(ISNUMBER(E27),"TRUE","FALSE") -> FALSE | Q27: =IF(ISNUMBER(F27),"TRUE","FALSE") -> FALSE | R27: =EXACT(G27,PROPER(G27)) -> FALSE | S27: =EXACT(H27,PROPER(H27)) -> TRUE | T27: =EXACT(I27,PROPER(I27)) -> TRUE | U27: =IF(RIGHT(J27,10)="@email.com","TRUE","FALSE") -> TRUE | V27: =IF(LEFT(K27,2)="08","TRUE","FALSE") -> TRUE
A28: 26 | B28: EMP0026 | C28: Novi Wulandari | D28: female | E28: 1985-03-02 | F28: 2025-11-03 | G28: Prodction | H28: Operator | I28: probation | J28: noviwulandari@email.com | K28: 084291820015 | M28: =IF(COUNTIF($B$3:$B$1002,B28)>1,"Duplicate","Ok") -> Ok | N28: =EXACT(C28,PROPER(C28)) -> TRUE | O28: =EXACT(D28,PROPER(D28)) -> FALSE | P28: =IF(ISNUMBER(E28),"TRUE","FALSE") -> FALSE | Q28: =IF(ISNUMBER(F28),"TRUE","FALSE") -> FALSE | R28: =EXACT(G28,PROPER(G28)) -> TRUE | S28: =EXACT(H28,PROPER(H28)) -> TRUE | T28: =EXACT(I28,PROPER(I28)) -> FALSE | U28: =IF(RIGHT(J28,10)="@email.com","TRUE","FALSE") -> TRUE | V28: =IF(LEFT(K28,2)="08","TRUE","FALSE") -> TRUE
A29: 27 | B29: EMP0027 | C29: rohmat | D29: male | E29: 1994-02-13 | F29: 2025-11-03 | G29: Production | H29: operator | I29: Probation | J29: rohmat@email.com | K29: 085701851280 | M29: =IF(COUNTIF($B$3:$B$1002,B29)>1,"Duplicate","Ok") -> Ok | N29: =EXACT(C29,PROPER(C29)) -> FALSE | O29: =EXACT(D29,PROPER(D29)) -> FALSE | P29: =IF(ISNUMBER(E29),"TRUE","FALSE") -> FALSE | Q29: =IF(ISNUMBER(F29),"TRUE","FALSE") -> FALSE | R29: =EXACT(G29,PROPER(G29)) -> TRUE | S29: =EXACT(H29,PROPER(H29)) -> FALSE | T29: =EXACT(I29,PROPER(I29)) -> TRUE | U29: =IF(RIGHT(J29,10)="@email.com","TRUE","FALSE") -> TRUE | V29: =IF(LEFT(K29,2)="08","TRUE","FALSE") -> TRUE
... A39: 37 | B39: EMP0037 | C39: Rizqi Amalia | D39: Female | E39: 1989-11-04 | F39: 2025-11-03 | G39: production | H39: operator | I39: Resigned | J39: rizqiamalia@email.com | K39: 086508782132 | M39: =IF(COUNTIF($B$3:$B$1002,B39)>1,"Duplicate","Ok") -> Ok | N39: =EXACT(C39,PROPER(C39)) -> TRUE | O39: =EXACT(D39,PROPER(D39)) -> TRUE | P39: =IF(ISNUMBER(E39),"TRUE","FALSE") -> FALSE | Q39: =IF(ISNUMBER(F39),"TRUE","FALSE") -> FALSE | R39: =EXACT(G39,PROPER(G39)) -> FALSE | S39: =EXACT(H39,PROPER(H39)) -> FALSE | T39: =EXACT(I39,PROPER(I39)) -> TRUE | U39: =IF(RIGHT(J39,10)="@email.com","TRUE","FALSE") -> TRUE | V39: =IF(LEFT(K39,2)="08","TRUE","FALSE") -> TRUE
A40: 38 | B40: EMP0038 | C40: Beni | D40: Male | E40: 2001-03-09 | F40: 2025-11-03 | G40: Prodction | H40: Operator | I40: ACTIVE | J40: beni@imail.com | K40: 846922616 | M40: =IF(COUNTIF($B$3:$B$1002,B40)>1,"Duplicate","Ok") -> Ok | N40: =EXACT(C40,PROPER(C40)) -> TRUE | O40: =EXACT(D40,PROPER(D40)) -> TRUE | P40: =IF(ISNUMBER(E40),"TRUE","FALSE") -> FALSE | Q40: =IF(ISNUMBER(F40),"TRUE","FALSE") -> FALSE | R40: =EXACT(G40,PROPER(G40)) -> TRUE | S40: =EXACT(H40,PROPER(H40)) -> TRUE | T40: =EXACT(I40,PROPER(I40)) -> FALSE | U40: =IF(RIGHT(J40,10)="@email.com","TRUE","FALSE") -> FALSE | V40: =IF(LEFT(K40,2)="08","TRUE","FALSE") -> FALSE
A41: 39 | B41: EMP0039 | C41: Vitriya Amanda Putri | D41: female | E41: 2004-01-25 | F41: 2025-11-03 | G41: hr | H41: hr staff | I41: ACTIVE | J41: vitriyaamandaputri@email.com | K41: 086460584576 | M41: =IF(COUNTIF($B$3:$B$1002,B41)>1,"Duplicate","Ok") -> Ok | N41: =EXACT(C41,PROPER(C41)) -> TRUE | O41: =EXACT(D41,PROPER(D41)) -> FALSE | P41: =IF(ISNUMBER(E41),"TRUE","FALSE") -> FALSE | Q41: =IF(ISNUMBER(F41),"TRUE","FALSE") -> FALSE | R41: =EXACT(G41,PROPER(G41)) -> FALSE | S41: =EXACT(H41,PROPER(H41)) -> FALSE | T41: =EXACT(I41,PROPER(I41)) -> FALSE | U41: =IF(RIGHT(J41,10)="@email.com","TRUE","FALSE") -> TRUE | V41: =IF(LEFT(K41,2)="08","TRUE","FALSE") -> TRUE
A42: 40 | B42: EMP0040 | C42: Alda Surya Wijaya | D42: Male | E42: 1988-01-26 | F42: 2025-11-03 | G42: production | H42: operator | I42: resigned | J42: aldasuryawijaya@imail.com | K42: 088873927718 | M42: =IF(COUNTIF($B$3:$B$1002,B42)>1,"Duplicate","Ok") -> Ok | N42: =EXACT(C42,PROPER(C42)) -> TRUE | O42: =EXACT(D42,PROPER(D42)) -> TRUE | P42: =IF(ISNUMBER(E42),"TRUE","FALSE") -> FALSE | Q42: =IF(ISNUMBER(F42),"TRUE","FALSE") -> FALSE | R42: =EXACT(G42,PROPER(G42)) -> FALSE | S42: =EXACT(H42,PROPER(H42)) -> FALSE | T42: =EXACT(I42,PROPER(I42)) -> FALSE | U42: =IF(RIGHT(J42,10)="@email.com","TRUE","FALSE") -> FALSE | V42: =IF(LEFT(K42,2)="08","TRUE","FALSE") -> TRUE
A43: 41 | B43: EMP0041 | C43: Fika Suci Sanawaliyah | D43: female | E43: 1987-11-24 | F43: 2025-11-03 | G43: Production | H43: operator | I43: Probation | J43: fikasucisanawaliyah@imail.com | K43: 85636332286 | M43: =IF(COUNTIF($B$3:$B$1002,B43)>1,"Duplicate","Ok") -> Ok | N43: =EXACT(C43,PROPER(C43)) -> TRUE | O43: =EXACT(D43,PROPER(D43)) -> FALSE | P43: =IF(ISNUMBER(E43),"TRUE","FALSE") -> FALSE | Q43: =IF(ISNUMBER(F43),"TRUE","FALSE") -> FALSE | R43: =EXACT(G43,PROPER(G43)) -> TRUE | S43: =EXACT(H43,PROPER(H43)) -> FALSE | T43: =EXACT(I43,PROPER(I43)) -> TRUE | U43: =IF(RIGHT(J43,10)="@email.com","TRUE","FALSE") -> FALSE | V43: =IF(LEFT(K43,2)="08","TRUE","FALSE") -> FALSE
A44: 42 | B44: EMP0042 | C44: Bagus Wiranto | D44: Male | E44: 1990-05-01 | F44: 2025-11-03 | G44: purchasing | H44: Purchasing Staff | I44: active | J44: baguswiranto@imail.com | K44: 082626918134 | M44: =IF(COUNTIF($B$3:$B$1002,B44)>1,"Duplicate","Ok") -> Ok | N44: =EXACT(C44,PROPER(C44)) -> TRUE | O44: =EXACT(D44,PROPER(D44)) -> TRUE | P44: =IF(ISNUMBER(E44),"TRUE","FALSE") -> FALSE | Q44: =IF(ISNUMBER(F44),"TRUE","FALSE") -> FALSE | R44: =EXACT(G44,PROPER(G44)) -> FALSE | S44: =EXACT(H44,PROPER(H44)) -> TRUE | T44: =EXACT(I44,PROPER(I44)) -> FALSE | U44: =IF(RIGHT(J44,10)="@email.com","TRUE","FALSE") -> FALSE | V44: =IF(LEFT(K44,2)="08","TRUE","FALSE") -> TRUE
A45: 43 | B45: EMP0043 | C45: Sahrul Faizal Ramadhon | D45: Male | E45: 1990-01-10 | F45: 2025-11-03 | G45: Production | H45: operator | I45: Active | J45: sahrulfaizalramadhon@email.com | K45: 084739492257 | M45: =IF(COUNTIF($B$3:$B$1002,B45)>1,"Duplicate","Ok") -> Ok | N45: =EXACT(C45,PROPER(C45)) -> TRUE | O45: =EXACT(D45,PROPER(D45)) -> TRUE | P45: =IF(ISNUMBER(E45),"TRUE","FALSE") -> FALSE | Q45: =IF(ISNUMBER(F45),"TRUE","FALSE") -> FALSE | R45: =EXACT(G45,PROPER(G45)) -> TRUE | S45: =EXACT(H45,PROPER(H45)) -> FALSE | T45: =EXACT(I45,PROPER(I45)) -> TRUE | U45: =IF(RIGHT(J45,10)="@email.com","TRUE","FALSE") -> TRUE | V45: =IF(LEFT(K45,2)="08","TRUE","FALSE") -> TRUE
A46: 44 | B46: EMP0044 | C46: Dian Prastiana | D46: male | E46: 1987-01-08 | F46: 2025-11-03 | G46: prodution | H46: operator | I46: Probation | J46: dianprastiana@imail.com | K46: 086451989393 | M46: =IF(COUNTIF($B$3:$B$1002,B46)>1,"Duplicate","Ok") -> Ok | N46: =EXACT(C46,PROPER(C46)) -> TRUE | O46: =EXACT(D46,PROPER(D46)) -> FALSE | P46: =IF(ISNUMBER(E46),"TRUE","FALSE") -> FALSE | Q46: =IF(ISNUMBER(F46),"TRUE","FALSE") -> FALSE | R46: =EXACT(G46,PROPER(G46)) -> FALSE | S46: =EXACT(H46,PROPER(H46)) -> FALSE | T46: =EXACT(I46,PROPER(I46)) -> TRUE | U46: =IF(RIGHT(J46,10)="@email.com","TRUE","FALSE") -> FALSE | V46: =IF(LEFT(K46,2)="08","TRUE","FALSE") -> TRUE
A47: 45 | B47: EMP0045 | C47: Uswatun Khasanah | D47: Female | E47: 1989-12-22 | F47: 2025-11-03 | G47: production | H47: Operator | I47: active | J47: uswatunkhasanah@email.com | K47: 084176066224 | M47: =IF(COUNTIF($B$3:$B$1002,B47)>1,"Duplicate","Ok") -> Ok | N47: =EXACT(C47,PROPER(C47)) -> TRUE | O47: =EXACT(D47,PROPER(D47)) -> TRUE | P47: =IF(ISNUMBER(E47),"TRUE","FALSE") -> FALSE | Q47: =IF(ISNUMBER(F47),"TRUE","FALSE") -> FALSE | R47: =EXACT(G47,PROPER(G47)) -> FALSE | S47: =EXACT(H47,PROPER(H47)) -> TRUE | T47: =EXACT(I47,PROPER(I47)) -> FALSE | U47: =IF(RIGHT(J47,10)="@email.com","TRUE","FALSE") -> TRUE | V47: =IF(LEFT(K47,2)="08","TRUE","FALSE") -> TRUE
A48: 46 | B48: EMP0046 | C48: Ika Risyifa Khaerunissa | D48: female | E48: 1996-10-18 | F48: 2025-11-03 | G48: Production | H48: operator | I48: active | J48: ikarisyifakhaerunissa@email.com | K48: 082084751572 | M48: =IF(COUNTIF($B$3:$B$1002,B48)>1,"Duplicate","Ok") -> Ok | N48: =EXACT(C48,PROPER(C48)) -> TRUE | O48: =EXACT(D48,PROPER(D48)) -> FALSE | P48: =IF(ISNUMBER(E48),"TRUE","FALSE") -> FALSE | Q48: =IF(ISNUMBER(F48),"TRUE","FALSE") -> FALSE | R48: =EXACT(G48,PROPER(G48)) -> TRUE | S48: =EXACT(H48,PROPER(H48)) -> FALSE | T48: =EXACT(I48,PROPER(I48)) -> FALSE | U48: =IF(RIGHT(J48,10)="@email.com","TRUE","FALSE") -> TRUE | V48: =IF(LEFT(K48,2)="08","TRUE","FALSE") -> TRUE
A49: 47 | B49: EMP0047 | C49: Ayu Pratmawati | D49: Female | E49: 1993-10-06 | F49: 2025-11-03 | G49: production | H49: Operator | I49: probation | J49: ayupratmawati@imail.com | K49: 086743969318 | M49: =IF(COUNTIF($B$3:$B$1002,B49)>1,"Duplicate","Ok") -> Ok | N49: =EXACT(C49,PROPER(C49)) -> TRUE | O49: =EXACT(D49,PROPER(D49)) -> TRUE | P49: =IF(ISNUMBER(E49),"TRUE","FALSE") -> FALSE | Q49: =IF(ISNUMBER(F49),"TRUE","FALSE") -> FALSE | R49: =EXACT(G49,PROPER(G49)) -> FALSE | S49: =EXACT(H49,PROPER(H49)) -> TRUE | T49: =EXACT(I49,PROPER(I49)) -> FALSE | U49: =IF(RIGHT(J49,10)="@email.com","TRUE","FALSE") -> FALSE | V49: =IF(LEFT(K49,2)="08","TRUE","FALSE") -> TRUE
A50: 48 | B50: EMP0048 | C50: ilman nafiuddin | D50: Male | E50: 1985-02-11 | F50: 2025-11-03 | G50: Warehouse | H50: Warehouse Staff | I50: ACTIVE | J50: ilmannafiuddin@email.com | K50: 083285892002 | M50: =IF(COUNTIF($B$3:$B$1002,B50)>1,"Duplicate","Ok") -> Ok | N50: =EXACT(C50,PROPER(C50)) -> FALSE | O50: =EXACT(D50,PROPER(D50)) -> TRUE | P50: =IF(ISNUMBER(E50),"TRUE","FALSE") -> FALSE | Q50: =IF(ISNUMBER(F50),"TRUE","FALSE") -> FALSE | R50: =EXACT(G50,PROPER(G50)) -> TRUE | S50: =EXACT(H50,PROPER(H50)) -> TRUE | T50: =EXACT(I50,PROPER(I50)) -> FALSE | U50: =IF(RIGHT(J50,10)="@email.com","TRUE","FALSE") -> TRUE | V50: =IF(LEFT(K50,2)="08","TRUE","FALSE") -> TRUE
A51: 49 | B51: EMP0049 | C51: nur laela pitriyana | D51: female | E51: 1997-12-25 | F51: 2025-11-03 | G51: Production | H51: Production | I51: Active | J51: nurlaelapitriyana@email.com | K51: 086710387241 | M51: =IF(COUNTIF($B$3:$B$1002,B51)>1,"Duplicate","Ok") -> Ok | N51: =EXACT(C51,PROPER(C51)) -> FALSE | O51: =EXACT(D51,PROPER(D51)) -> FALSE | P51: =IF(ISNUMBER(E51),"TRUE","FALSE") -> FALSE | Q51: =IF(ISNUMBER(F51),"TRUE","FALSE") -> FALSE | R51: =EXACT(G51,PROPER(G51)) -> TRUE | S51: =EXACT(H51,PROPER(H51)) -> TRUE | T51: =EXACT(I51,PROPER(I51)) -> TRUE | U51: =IF(RIGHT(J51,10)="@email.com","TRUE","FALSE") -> TRUE | V51: =IF(LEFT(K51,2)="08","TRUE","FALSE") -> TRUE
A52: 50 | B52: EMP0050 | C52: Riski Ayu Fahrun Nisa | D52: female | E52: 1995-08-14 | F52: 2025-11-03 | G52: Production | H52: operator | I52: probation | J52: riskiayufahrunnisa@email.com | K52: 082425208158 | M52: =IF(COUNTIF($B$3:$B$1002,B52)>1,"Duplicate","Ok") -> Ok | N52: =EXACT(C52,PROPER(C52)) -> TRUE | O52: =EXACT(D52,PROPER(D52)) -> FALSE | P52: =IF(ISNUMBER(E52),"TRUE","FALSE") -> FALSE | Q52: =IF(ISNUMBER(F52),"TRUE","FALSE") -> FALSE | R52: =EXACT(G52,PROPER(G52)) -> TRUE | S52: =EXACT(H52,PROPER(H52)) -> FALSE | T52: =EXACT(I52,PROPER(I52)) -> FALSE | U52: =IF(RIGHT(J52,10)="@email.com","TRUE","FALSE") -> TRUE | V52: =IF(LEFT(K52,2)="08","TRUE","FALSE") -> TRUE
... A72: 70 | B72: EMP0070 | C72: septi wulandari | D72: Female | E72: 1988-11-01 | F72: 2025-11-03 | G72: QC | H72: QC Inspector | I72: ACTIVE | J72: septiwulandari@email.com | K72: 080685453445 | M72: =IF(COUNTIF($B$3:$B$1002,B72)>1,"Duplicate","Ok") -> Ok | N72: =EXACT(C72,PROPER(C72)) -> FALSE | O72: =EXACT(D72,PROPER(D72)) -> TRUE | P72: =IF(ISNUMBER(E72),"TRUE","FALSE") -> FALSE | Q72: =IF(ISNUMBER(F72),"TRUE","FALSE") -> FALSE | R72: =EXACT(G72,PROPER(G72)) -> FALSE | S72: =EXACT(H72,PROPER(H72)) -> FALSE | T72: =EXACT(I72,PROPER(I72)) -> FALSE | U72: =IF(RIGHT(J72,10)="@email.com","TRUE","FALSE") -> TRUE | V72: =IF(LEFT(K72,2)="08","TRUE","FALSE") -> TRUE
A73: 71 | B73: EMP0071 | C73: Egi Retno Faluqi | D73: male | E73: 1999-08-23 | F73: 2025-11-03 | G73: IT | H73: it support | I73: active | J73: egiretnofaluqi@imail.com | K73: 887061541 | M73: =IF(COUNTIF($B$3:$B$1002,B73)>1,"Duplicate","Ok") -> Ok | N73: =EXACT(C73,PROPER(C73)) -> TRUE | O73: =EXACT(D73,PROPER(D73)) -> FALSE | P73: =IF(ISNUMBER(E73),"TRUE","FALSE") -> FALSE | Q73: =IF(ISNUMBER(F73),"TRUE","FALSE") -> FALSE | R73: =EXACT(G73,PROPER(G73)) -> FALSE | S73: =EXACT(H73,PROPER(H73)) -> FALSE | T73: =EXACT(I73,PROPER(I73)) -> FALSE | U73: =IF(RIGHT(J73,10)="@email.com","TRUE","FALSE") -> FALSE | V73: =IF(LEFT(K73,2)="08","TRUE","FALSE") -> FALSE
A74: 72 | B74: EMP0072 | C74: catur difta kahantoro | D74: male | E74: 1993-09-06 | F74: 2025-11-03 | G74: Production | H74: Production | I74: Active | J74: caturdiftakahantoro@imail.com | K74: 086944276726 | M74: =IF(COUNTIF($B$3:$B$1002,B74)>1,"Duplicate","Ok") -> Ok | N74: =EXACT(C74,PROPER(C74)) -> FALSE | O74: =EXACT(D74,PROPER(D74)) -> FALSE | P74: =IF(ISNUMBER(E74),"TRUE","FALSE") -> FALSE | Q74: =IF(ISNUMBER(F74),"TRUE","FALSE") -> FALSE | R74: =EXACT(G74,PROPER(G74)) -> TRUE | S74: =EXACT(H74,PROPER(H74)) -> TRUE | T74: =EXACT(I74,PROPER(I74)) -> TRUE | U74: =IF(RIGHT(J74,10)="@email.com","TRUE","FALSE") -> FALSE | V74: =IF(LEFT(K74,2)="08","TRUE","FALSE") -> TRUE
A75: 73 | B75: EMP0073 | C75: David Erlangga | D75: Male | E75: 1996-01-26 | F75: 2025-11-03 | G75: production | H75: operator | I75: resigned | J75: daviderlangga@imail.com | K75: 082354936722 | M75: =IF(COUNTIF($B$3:$B$1002,B75)>1,"Duplicate","Ok") -> Ok | N75: =EXACT(C75,PROPER(C75)) -> TRUE | O75: =EXACT(D75,PROPER(D75)) -> TRUE | P75: =IF(ISNUMBER(E75),"TRUE","FALSE") -> FALSE | Q75: =IF(ISNUMBER(F75),"TRUE","FALSE") -> FALSE | R75: =EXACT(G75,PROPER(G75)) -> FALSE | S75: =EXACT(H75,PROPER(H75)) -> FALSE | T75: =EXACT(I75,PROPER(I75)) -> FALSE | U75: =IF(RIGHT(J75,10)="@email.com","TRUE","FALSE") -> FALSE | V75: =IF(LEFT(K75,2)="08","TRUE","FALSE") -> TRUE
A76: 74 | B76: EMP0074 | C76: syafik mirza | D76: male | E76: 2002-08-22 | F76: 2025-11-03 | G76: Production | H76: operator | I76: Probation | J76: syafikmirza@email.com | K76: 081052279862 | M76: =IF(COUNTIF($B$3:$B$1002,B76)>1,"Duplicate","Ok") -> Ok | N76: =EXACT(C76,PROPER(C76)) -> FALSE | O76: =EXACT(D76,PROPER(D76)) -> FALSE | P76: =IF(ISNUMBER(E76),"TRUE","FALSE") -> FALSE | Q76: =IF(ISNUMBER(F76),"TRUE","FALSE") -> FALSE | R76: =EXACT(G76,PROPER(G76)) -> TRUE | S76: =EXACT(H76,PROPER(H76)) -> FALSE | T76: =EXACT(I76,PROPER(I76)) -> TRUE | U76: =IF(RIGHT(J76,10)="@email.com","TRUE","FALSE") -> TRUE | V76: =IF(LEFT(K76,2)="08","TRUE","FALSE") -> TRUE
A77: 75 | B77: EMP0075 | C77: Eka Saputra Ramadhan | D77: Male | E77: 2003-10-22 | F77: 2025-11-03 | G77: marketing | H77: marketing staff | I77: ACTIVE | J77: ekasaputraramadhan@imail.com | K77: 083515663912 | M77: =IF(COUNTIF($B$3:$B$1002,B77)>1,"Duplicate","Ok") -> Ok | N77: =EXACT(C77,PROPER(C77)) -> TRUE | O77: =EXACT(D77,PROPER(D77)) -> TRUE | P77: =IF(ISNUMBER(E77),"TRUE","FALSE") -> FALSE | Q77: =IF(ISNUMBER(F77),"TRUE","FALSE") -> FALSE | R77: =EXACT(G77,PROPER(G77)) -> FALSE | S77: =EXACT(H77,PROPER(H77)) -> FALSE | T77: =EXACT(I77,PROPER(I77)) -> FALSE | U77: =IF(RIGHT(J77,10)="@email.com","TRUE","FALSE") -> FALSE | V77: =IF(LEFT(K77,2)="08","TRUE","FALSE") -> TRUE
A78: 76 | B78: EMP0076 | C78: Lulu Syarifatul Ulum | D78: Female | E78: 1995-08-05 | F78: 2025-11-03 | G78: Production | H78: operator | I78: resigned | J78: lulusyarifatululum@email.com | K78: 084424934801 | M78: =IF(COUNTIF($B$3:$B$1002,B78)>1,"Duplicate","Ok") -> Ok | N78: =EXACT(C78,PROPER(C78)) -> TRUE | O78: =EXACT(D78,PROPER(D78)) -> TRUE | P78: =IF(ISNUMBER(E78),"TRUE","FALSE") -> FALSE | Q78: =IF(ISNUMBER(F78),"TRUE","FALSE") -> FALSE | R78: =EXACT(G78,PROPER(G78)) -> TRUE | S78: =EXACT(H78,PROPER(H78)) -> FALSE | T78: =EXACT(I78,PROPER(I78)) -> FALSE | U78: =IF(RIGHT(J78,10)="@email.com","TRUE","FALSE") -> TRUE | V78: =IF(LEFT(K78,2)="08","TRUE","FALSE") -> TRUE
A79: 77 | B79: EMP0077 | C79: Lutfatul Latifah | D79: Female | E79: 1996-07-24 | F79: 2025-11-03 | G79: production | H79: operator | I79: Probation | J79: lutfatullatifah@email.com | K79: 088492207423 | M79: =IF(COUNTIF($B$3:$B$1002,B79)>1,"Duplicate","Ok") -> Ok | N79: =EXACT(C79,PROPER(C79)) -> TRUE | O79: =EXACT(D79,PROPER(D79)) -> TRUE | P79: =IF(ISNUMBER(E79),"TRUE","FALSE") -> FALSE | Q79: =IF(ISNUMBER(F79),"TRUE","FALSE") -> FALSE | R79: =EXACT(G79,PROPER(G79)) -> FALSE | S79: =EXACT(H79,PROPER(H79)) -> FALSE | T79: =EXACT(I79,PROPER(I79)) -> TRUE | U79: =IF(RIGHT(J79,10)="@email.com","TRUE","FALSE") -> TRUE | V79: =IF(LEFT(K79,2)="08","TRUE","FALSE") -> TRUE
A80: 78 | B80: EMP0078 | C80: RAHMADITYA CHANDRA | D80: male | E80: 1990-01-01 | F80: 2025-11-03 | G80: prodution | H80: operator | I80: Resigned | J80: rahmadityachandra@email.com | K80: 88492207411 | M80: =IF(COUNTIF($B$3:$B$1002,B80)>1,"Duplicate","Ok") -> Ok | N80: =EXACT(C80,PROPER(C80)) -> FALSE | O80: =EXACT(D80,PROPER(D80)) -> FALSE | P80: =IF(ISNUMBER(E80),"TRUE","FALSE") -> FALSE | Q80: =IF(ISNUMBER(F80),"TRUE","FALSE") -> FALSE | R80: =EXACT(G80,PROPER(G80)) -> FALSE | S80: =EXACT(H80,PROPER(H80)) -> FALSE | T80: =EXACT(I80,PROPER(I80)) -> TRUE | U80: =IF(RIGHT(J80,10)="@email.com","TRUE","FALSE") -> TRUE | V80: =IF(LEFT(K80,2)="08","TRUE","FALSE") -> FALSE
A81: 79 | B81: EMP0079 | C81: topari | D81: male | E81: 1993/11/27 | F81: 2025-11-03 | G81: Production | H81: operator | I81: Probation | J81: topari@email.com | K81: 84236884910 | M81: =IF(COUNTIF($B$3:$B$1002,B81)>1,"Duplicate","Ok") -> Ok | N81: =EXACT(C81,PROPER(C81)) -> FALSE | O81: =EXACT(D81,PROPER(D81)) -> FALSE | P81: =IF(ISNUMBER(E81),"TRUE","FALSE") -> FALSE | Q81: =IF(ISNUMBER(F81),"TRUE","FALSE") -> FALSE | R81: =EXACT(G81,PROPER(G81)) -> TRUE | S81: =EXACT(H81,PROPER(H81)) -> FALSE | T81: =EXACT(I81,PROPER(I81)) -> TRUE | U81: =IF(RIGHT(J81,10)="@email.com","TRUE","FALSE") -> TRUE | V81: =IF(LEFT(K81,2)="08","TRUE","FALSE") -> FALSE
A82: 80 | B82: EMP0080 | C82: Asep Maulana | D82: male | E82: 1990-01-05 | F82: 2025-11-03 | G82: prodution | H82: operator | I82: resigned | J82: asepmaulana@imail.com | K82: 087125018420 | M82: =IF(COUNTIF($B$3:$B$1002,B82)>1,"Duplicate","Ok") -> Ok | N82: =EXACT(C82,PROPER(C82)) -> TRUE | O82: =EXACT(D82,PROPER(D82)) -> FALSE | P82: =IF(ISNUMBER(E82),"TRUE","FALSE") -> FALSE | Q82: =IF(ISNUMBER(F82),"TRUE","FALSE") -> FALSE | R82: =EXACT(G82,PROPER(G82)) -> FALSE | S82: =EXACT(H82,PROPER(H82)) -> FALSE | T82: =EXACT(I82,PROPER(I82)) -> FALSE | U82: =IF(RIGHT(J82,10)="@email.com","TRUE","FALSE") -> FALSE | V82: =IF(LEFT(K82,2)="08","TRUE","FALSE") -> TRUE
A83: 81 | B83: EMP0081 | C83: reza pratama | D83: male | E83: 2003-12-11 | F83: 2025-11-03 | G83: Engineering | H83: Technician | I83: active | J83: rezapratama@email.com | K83: 083529677134 | M83: =IF(COUNTIF($B$3:$B$1002,B83)>1,"Duplicate","Ok") -> Ok | N83: =EXACT(C83,PROPER(C83)) -> FALSE | O83: =EXACT(D83,PROPER(D83)) -> FALSE | P83: =IF(ISNUMBER(E83),"TRUE","FALSE") -> FALSE | Q83: =IF(ISNUMBER(F83),"TRUE","FALSE") -> FALSE | R83: =EXACT(G83,PROPER(G83)) -> TRUE | S83: =EXACT(H83,PROPER(H83)) -> TRUE | T83: =EXACT(I83,PROPER(I83)) -> FALSE | U83: =IF(RIGHT(J83,10)="@email.com","TRUE","FALSE") -> TRUE | V83: =IF(LEFT(K83,2)="08","TRUE","FALSE") -> TRUE
A84: 82 | B84: EMP0082 | C84: Adinda Kuni Zakiyah | D84: Female | E84: 1985-06-09 | F84: 2025-11-03 | G84: production | H84: Operator | I84: resigned | J84: adindakunizakiyah@imail.com | K84: 081728334904 | M84: =IF(COUNTIF($B$3:$B$1002,B84)>1,"Duplicate","Ok") -> Ok | N84: =EXACT(C84,PROPER(C84)) -> TRUE | O84: =EXACT(D84,PROPER(D84)) -> TRUE | P84: =IF(ISNUMBER(E84),"TRUE","FALSE") -> FALSE | Q84: =IF(ISNUMBER(F84),"TRUE","FALSE") -> FALSE | R84: =EXACT(G84,PROPER(G84)) -> FALSE | S84: =EXACT(H84,PROPER(H84)) -> TRUE | T84: =EXACT(I84,PROPER(I84)) -> FALSE | U84: =IF(RIGHT(J84,10)="@email.com","TRUE","FALSE") -> FALSE | V84: =IF(LEFT(K84,2)="08","TRUE","FALSE") -> TRUE
A85: 83 | B85: EMP0083 | C85: hendra nur priharto | D85: Male | E85: 1986-04-28 | F85: 2025-11-03 | G85: QC | H85: QC Inspector | I85: Active | J85: hendranurpriharto@email.com | K85: 089098975533 | M85: =IF(COUNTIF($B$3:$B$1002,B85)>1,"Duplicate","Ok") -> Ok | N85: =EXACT(C85,PROPER(C85)) -> FALSE | O85: =EXACT(D85,PROPER(D85)) -> TRUE | P85: =IF(ISNUMBER(E85),"TRUE","FALSE") -> FALSE | Q85: =IF(ISNUMBER(F85),"TRUE","FALSE") -> FALSE | R85: =EXACT(G85,PROPER(G85)) -> FALSE | S85: =EXACT(H85,PROPER(H85)) -> FALSE | T85: =EXACT(I85,PROPER(I85)) -> TRUE | U85: =IF(RIGHT(J85,10)="@email.com","TRUE","FALSE") -> TRUE | V85: =IF(LEFT(K85,2)="08","TRUE","FALSE") -> TRUE
A86: 84 | B86: EMP0084 | C86: Ina Rotul Koni | D86: Female | E86: 2003-11-19 | F86: 2025-11-03 | G86: purchasing | H86: Purchasing Staff | I86: active | J86: inarotulkoni@email.com | K86: 082773814282 | M86: =IF(COUNTIF($B$3:$B$1002,B86)>1,"Duplicate","Ok") -> Ok | N86: =EXACT(C86,PROPER(C86)) -> TRUE | O86: =EXACT(D86,PROPER(D86)) -> TRUE | P86: =IF(ISNUMBER(E86),"TRUE","FALSE") -> FALSE | Q86: =IF(ISNUMBER(F86),"TRUE","FALSE") -> FALSE | R86: =EXACT(G86,PROPER(G86)) -> FALSE | S86: =EXACT(H86,PROPER(H86)) -> TRUE | T86: =EXACT(I86,PROPER(I86)) -> FALSE | U86: =IF(RIGHT(J86,10)="@email.com","TRUE","FALSE") -> TRUE | V86: =IF(LEFT(K86,2)="08","TRUE","FALSE") -> TRUE
A87: 85 | B87: EMP0085 | C87: Silvia Ayu Nurhasanah | D87: Female | E87: 1996-05-25 | F87: 2025-11-03 | G87: Production | H87: operator | I87: active | J87: silviaayunurhasanah@email.com | K87: 887161188 | M87: =IF(COUNTIF($B$3:$B$1002,B87)>1,"Duplicate","Ok") -> Ok | N87: =EXACT(C87,PROPER(C87)) -> TRUE | O87: =EXACT(D87,PROPER(D87)) -> TRUE | P87: =IF(ISNUMBER(E87),"TRUE","FALSE") -> FALSE | Q87: =IF(ISNUMBER(F87),"TRUE","FALSE") -> FALSE | R87: =EXACT(G87,PROPER(G87)) -> TRUE | S87: =EXACT(H87,PROPER(H87)) -> FALSE | T87: =EXACT(I87,PROPER(I87)) -> FALSE | U87: =IF(RIGHT(J87,10)="@email.com","TRUE","FALSE") -> TRUE | V87: =IF(LEFT(K87,2)="08","TRUE","FALSE") -> FALSE
A88: 86 | B88: EMP0086 | C88: Rosi Anggraeni | D88: Female | E88: 1998-11-24 | F88: 2025-11-03 | G88: production | H88: Operator | I88: Probation | J88: rosianggraeni@email.com | K88: 082876489069 | M88: =IF(COUNTIF($B$3:$B$1002,B88)>1,"Duplicate","Ok") -> Ok | N88: =EXACT(C88,PROPER(C88)) -> TRUE | O88: =EXACT(D88,PROPER(D88)) -> TRUE | P88: =IF(ISNUMBER(E88),"TRUE","FALSE") -> FALSE | Q88: =IF(ISNUMBER(F88),"TRUE","FALSE") -> FALSE | R88: =EXACT(G88,PROPER(G88)) -> FALSE | S88: =EXACT(H88,PROPER(H88)) -> TRUE | T88: =EXACT(I88,PROPER(I88)) -> TRUE | U88: =IF(RIGHT(J88,10)="@email.com","TRUE","FALSE") -> TRUE | V88: =IF(LEFT(K88,2)="08","TRUE","FALSE") -> TRUE
A89: 87 | B89: EMP0087 | C89: Galang Dimas Aditya | D89: male | E89: 1995-07-24 | F89: 2025-11-03 | G89: prodution | H89: operator | I89: Probation | J89: galangdimasaditya@imail.com | K89: 080083620338 | M89: =IF(COUNTIF($B$3:$B$1002,B89)>1,"Duplicate","Ok") -> Ok | N89: =EXACT(C89,PROPER(C89)) -> TRUE | O89: =EXACT(D89,PROPER(D89)) -> FALSE | P89: =IF(ISNUMBER(E89),"TRUE","FALSE") -> FALSE | Q89: =IF(ISNUMBER(F89),"TRUE","FALSE") -> FALSE | R89: =EXACT(G89,PROPER(G89)) -> FALSE | S89: =EXACT(H89,PROPER(H89)) -> FALSE | T89: =EXACT(I89,PROPER(I89)) -> TRUE | U89: =IF(RIGHT(J89,10)="@email.com","TRUE","FALSE") -> FALSE | V89: =IF(LEFT(K89,2)="08","TRUE","FALSE") -> TRUE
A90: 88 | B90: EMP0088 | C90: Alaysh Awaliyah | D90: Female | E90: 2002-12-08 | F90: 2025-11-03 | G90: production | H90: operator | I90: probation | J90: alayshawaliyah@imail.com | K90: 080361557947 | M90: =IF(COUNTIF($B$3:$B$1002,B90)>1,"Duplicate","Ok") -> Ok | N90: =EXACT(C90,PROPER(C90)) -> TRUE | O90: =EXACT(D90,PROPER(D90)) -> TRUE | P90: =IF(ISNUMBER(E90),"TRUE","FALSE") -> FALSE | Q90: =IF(ISNUMBER(F90),"TRUE","FALSE") -> FALSE | R90: =EXACT(G90,PROPER(G90)) -> FALSE | S90: =EXACT(H90,PROPER(H90)) -> FALSE | T90: =EXACT(I90,PROPER(I90)) -> FALSE | U90: =IF(RIGHT(J90,10)="@email.com","TRUE","FALSE") -> FALSE | V90: =IF(LEFT(K90,2)="08","TRUE","FALSE") -> TRUE
A91: 89 | B91: EMP0089 | C91: iqmah faiqoh | D91: Female | E91: 1993-09-15 | F91: 2025-11-03 | G91: QC | H91: QC Inspector | I91: probation | J91: iqmahfaiqoh@email.com | K91: 80361557955 | M91: =IF(COUNTIF($B$3:$B$1002,B91)>1,"Duplicate","Ok") -> Ok | N91: =EXACT(C91,PROPER(C91)) -> FALSE | O91: =EXACT(D91,PROPER(D91)) -> TRUE | P91: =IF(ISNUMBER(E91),"TRUE","FALSE") -> FALSE | Q91: =IF(ISNUMBER(F91),"TRUE","FALSE") -> FALSE | R91: =EXACT(G91,PROPER(G91)) -> FALSE | S91: =EXACT(H91,PROPER(H91)) -> FALSE | T91: =EXACT(I91,PROPER(I91)) -> FALSE | U91: =IF(RIGHT(J91,10)="@email.com","TRUE","FALSE") -> TRUE | V91: =IF(LEFT(K91,2)="08","TRUE","FALSE") -> FALSE
A92: 90 | B92: EMP0090 | C92: afidah | D92: Female | E92: 1999-01-25 | F92: 2025-11-03 | G92: Quality Control | H92: QC Inspector | I92: ACTIVE | J92: afidah@imail.com | K92: 088804434111 | M92: =IF(COUNTIF($B$3:$B$1002,B92)>1,"Duplicate","Ok") -> Ok | N92: =EXACT(C92,PROPER(C92)) -> FALSE | O92: =EXACT(D92,PROPER(D92)) -> TRUE | P92: =IF(ISNUMBER(E92),"TRUE","FALSE") -> FALSE | Q92: =IF(ISNUMBER(F92),"TRUE","FALSE") -> FALSE | R92: =EXACT(G92,PROPER(G92)) -> TRUE | S92: =EXACT(H92,PROPER(H92)) -> FALSE | T92: =EXACT(I92,PROPER(I92)) -> FALSE | U92: =IF(RIGHT(J92,10)="@email.com","TRUE","FALSE") -> FALSE | V92: =IF(LEFT(K92,2)="08","TRUE","FALSE") -> TRUE
A93: 91 | B93: EMP0091 | C93: amellia putri | D93: Female | E93: 1986/03/23 | F93: 2025-11-03 | G93: QC | H93: QC Inspector | I93: resigned | J93: amelliaputri@imail.com | K93: 086393498031 | M93: =IF(COUNTIF($B$3:$B$1002,B93)>1,"Duplicate","Ok") -> Ok | N93: =EXACT(C93,PROPER(C93)) -> FALSE | O93: =EXACT(D93,PROPER(D93)) -> TRUE | P93: =IF(ISNUMBER(E93),"TRUE","FALSE") -> FALSE | Q93: =IF(ISNUMBER(F93),"TRUE","FALSE") -> FALSE | R93: =EXACT(G93,PROPER(G93)) -> FALSE | S93: =EXACT(H93,PROPER(H93)) -> FALSE | T93: =EXACT(I93,PROPER(I93)) -> FALSE | U93: =IF(RIGHT(J93,10)="@email.com","TRUE","FALSE") -> FALSE | V93: =IF(LEFT(K93,2)="08","TRUE","FALSE") -> TRUE
A94: 92 | B94: EMP0092 | C94: idris nurfauzi | D94: male | E94: 2002-04-03 | F94: 2025-11-03 | G94: Production | H94: Production | I94: Active | J94: idrisnurfauzi@email.com | K94: 089337550722 | M94: =IF(COUNTIF($B$3:$B$1002,B94)>1,"Duplicate","Ok") -> Ok | N94: =EXACT(C94,PROPER(C94)) -> FALSE | O94: =EXACT(D94,PROPER(D94)) -> FALSE | P94: =IF(ISNUMBER(E94),"TRUE","FALSE") -> FALSE | Q94: =IF(ISNUMBER(F94),"TRUE","FALSE") -> FALSE | R94: =EXACT(G94,PROPER(G94)) -> TRUE | S94: =EXACT(H94,PROPER(H94)) -> TRUE | T94: =EXACT(I94,PROPER(I94)) -> TRUE | U94: =IF(RIGHT(J94,10)="@email.com","TRUE","FALSE") -> TRUE | V94: =IF(LEFT(K94,2)="08","TRUE","FALSE") -> TRUE
A95: 93 | B95: EMP0093 | C95: adi sepriono | D95: Male | E95: 1988-11-14 | F95: 2025-11-03 | G95: warehouse | H95: Warehouse Staff | I95: Resigned | J95: adisepriono@imail.com | K95: 085159161376 | M95: =IF(COUNTIF($B$3:$B$1002,B95)>1,"Duplicate","Ok") -> Ok | N95: =EXACT(C95,PROPER(C95)) -> FALSE | O95: =EXACT(D95,PROPER(D95)) -> TRUE | P95: =IF(ISNUMBER(E95),"TRUE","FALSE") -> FALSE | Q95: =IF(ISNUMBER(F95),"TRUE","FALSE") -> FALSE | R95: =EXACT(G95,PROPER(G95)) -> FALSE | S95: =EXACT(H95,PROPER(H95)) -> TRUE | T95: =EXACT(I95,PROPER(I95)) -> TRUE | U95: =IF(RIGHT(J95,10)="@email.com","TRUE","FALSE") -> FALSE | V95: =IF(LEFT(K95,2)="08","TRUE","FALSE") -> TRUE
A96: 94 | B96: EMP0094 | C96: adi ratno | D96: male | E96: 1992-10-01 | F96: 2025-11-03 | G96: engineering | H96: Technician | I96: ACTIVE | J96: adiratno@imail.com | K96: 084680353271 | M96: =IF(COUNTIF($B$3:$B$1002,B96)>1,"Duplicate","Ok") -> Ok | N96: =EXACT(C96,PROPER(C96)) -> FALSE | O96: =EXACT(D96,PROPER(D96)) -> FALSE | P96: =IF(ISNUMBER(E96),"TRUE","FALSE") -> FALSE | Q96: =IF(ISNUMBER(F96),"TRUE","FALSE") -> FALSE | R96: =EXACT(G96,PROPER(G96)) -> FALSE | S96: =EXACT(H96,PROPER(H96)) -> TRUE | T96: =EXACT(I96,PROPER(I96)) -> FALSE | U96: =IF(RIGHT(J96,10)="@email.com","TRUE","FALSE") -> FALSE | V96: =IF(LEFT(K96,2)="08","TRUE","FALSE") -> TRUE
A97: 95 | B97: EMP0095 | C97: Nur Ahmad Riski | D97: male | E97: 1995/07/22 | F97: 2025-11-03 | G97: prodution | H97: operator | I97: Probation | J97: nurahmadriski@email.com | K97: 080549868671 | M97: =IF(COUNTIF($B$3:$B$1002,B97)>1,"Duplicate","Ok") -> Ok | N97: =EXACT(C97,PROPER(C97)) -> TRUE | O97: =EXACT(D97,PROPER(D97)) -> FALSE | P97: =IF(ISNUMBER(E97),"TRUE","FALSE") -> FALSE | Q97: =IF(ISNUMBER(F97),"TRUE","FALSE") -> FALSE | R97: =EXACT(G97,PROPER(G97)) -> FALSE | S97: =EXACT(H97,PROPER(H97)) -> FALSE | T97: =EXACT(I97,PROPER(I97)) -> TRUE | U97: =IF(RIGHT(J97,10)="@email.com","TRUE","FALSE") -> TRUE | V97: =IF(LEFT(K97,2)="08","TRUE","FALSE") -> TRUE
A98: 96 | B98: EMP0096 | C98: Santi Widiastuti | D98: female | E98: 1991-03-01 | F98: 2025-11-03 | G98: Production | H98: operator | I98: Probation | J98: santiwidiastuti@email.com | K98: 89133580201 | M98: =IF(COUNTIF($B$3:$B$1002,B98)>1,"Duplicate","Ok") -> Ok | N98: =EXACT(C98,PROPER(C98)) -> TRUE | O98: =EXACT(D98,PROPER(D98)) -> FALSE | P98: =IF(ISNUMBER(E98),"TRUE","FALSE") -> FALSE | Q98: =IF(ISNUMBER(F98),"TRUE","FALSE") -> FALSE | R98: =EXACT(G98,PROPER(G98)) -> TRUE | S98: =EXACT(H98,PROPER(H98)) -> FALSE | T98: =EXACT(I98,PROPER(I98)) -> TRUE | U98: =IF(RIGHT(J98,10)="@email.com","TRUE","FALSE") -> TRUE | V98: =IF(LEFT(K98,2)="08","TRUE","FALSE") -> FALSE
A99: 97 | B99: EMP0097 | C99: ulil hidayati | D99: female | E99: 1999/10/19 | F99: 2025-11-03 | G99: Production | H99: operator | I99: probation | J99: ulilhidayati@email.com | K99: 081049312552 | M99: =IF(COUNTIF($B$3:$B$1002,B99)>1,"Duplicate","Ok") -> Ok | N99: =EXACT(C99,PROPER(C99)) -> FALSE | O99: =EXACT(D99,PROPER(D99)) -> FALSE | P99: =IF(ISNUMBER(E99),"TRUE","FALSE") -> FALSE | Q99: =IF(ISNUMBER(F99),"TRUE","FALSE") -> FALSE | R99: =EXACT(G99,PROPER(G99)) -> TRUE | S99: =EXACT(H99,PROPER(H99)) -> FALSE | T99: =EXACT(I99,PROPER(I99)) -> FALSE | U99: =IF(RIGHT(J99,10)="@email.com","TRUE","FALSE") -> TRUE | V99: =IF(LEFT(K99,2)="08","TRUE","FALSE") -> TRUE
A100: 98 | B100: EMP0098 | C100: imelia | D100: Female | E100: 1990-11-29 | F100: 2025-11-03 | G100: QC | H100: QC Inspector | I100: active | J100: imelia@email.com | K100: 086771796215 | M100: =IF(COUNTIF($B$3:$B$1002,B100)>1,"Duplicate","Ok") -> Ok | N100: =EXACT(C100,PROPER(C100)) -> FALSE | O100: =EXACT(D100,PROPER(D100)) -> TRUE | P100: =IF(ISNUMBER(E100),"TRUE","FALSE") -> FALSE | Q100: =IF(ISNUMBER(F100),"TRUE","FALSE") -> FALSE | R100: =EXACT(G100,PROPER(G100)) -> FALSE | S100: =EXACT(H100,PROPER(H100)) -> FALSE | T100: =EXACT(I100,PROPER(I100)) -> FALSE | U100: =IF(RIGHT(J100,10)="@email.com","TRUE","FALSE") -> TRUE | V100: =IF(LEFT(K100,2)="08","TRUE","FALSE") -> TRUE
A101: 99 | B101: EMP0099 | C101: Nurmala Destriana | D101: female | E101: 1985-05-18 | F101: 2025-11-03 | G101: production | H101: operator | I101: probation | J101: nurmaladestriana@email.com | K101: 82274534759 | M101: =IF(COUNTIF($B$3:$B$1002,B101)>1,"Duplicate","Ok") -> Ok | N101: =EXACT(C101,PROPER(C101)) -> TRUE | O101: =EXACT(D101,PROPER(D101)) -> FALSE | P101: =IF(ISNUMBER(E101),"TRUE","FALSE") -> FALSE | Q101: =IF(ISNUMBER(F101),"TRUE","FALSE") -> FALSE | R101: =EXACT(G101,PROPER(G101)) -> FALSE | S101: =EXACT(H101,PROPER(H101)) -> FALSE | T101: =EXACT(I101,PROPER(I101)) -> FALSE | U101: =IF(RIGHT(J101,10)="@email.com","TRUE","FALSE") -> TRUE | V101: =IF(LEFT(K101,2)="08","TRUE","FALSE") -> FALSE
A102: 100 | B102: EMP0100 | C102: Moh Arham Samudro | D102: male | E102: 1989/03/02 | F102: 2025-11-03 | G102: prodution | H102: operator | I102: probation | J102: moharhamsamudro@email.com | K102: 082065990266 | M102: =IF(COUNTIF($B$3:$B$1002,B102)>1,"Duplicate","Ok") -> Ok | N102: =EXACT(C102,PROPER(C102)) -> TRUE | O102: =EXACT(D102,PROPER(D102)) -> FALSE | P102: =IF(ISNUMBER(E102),"TRUE","FALSE") -> FALSE | Q102: =IF(ISNUMBER(F102),"TRUE","FALSE") -> FALSE | R102: =EXACT(G102,PROPER(G102)) -> FALSE | S102: =EXACT(H102,PROPER(H102)) -> FALSE | T102: =EXACT(I102,PROPER(I102)) -> FALSE | U102: =IF(RIGHT(J102,10)="@email.com","TRUE","FALSE") -> TRUE | V102: =IF(LEFT(K102,2)="08","TRUE","FALSE") -> TRUE
A103: 101 | B103: EMP0101 | C103: wahyu umar said | D103: male | E103: 1993/09/05 | F103: 2025-11-03 | G103: engineering | H103: technician | I103: active | J103: wahyuumarsaid@email.com | K103: 081638057793 | M103: =IF(COUNTIF($B$3:$B$1002,B103)>1,"Duplicate","Ok") -> Ok | N103: =EXACT(C103,PROPER(C103)) -> FALSE | O103: =EXACT(D103,PROPER(D103)) -> FALSE | P103: =IF(ISNUMBER(E103),"TRUE","FALSE") -> FALSE | Q103: =IF(ISNUMBER(F103),"TRUE","FALSE") -> FALSE | R103: =EXACT(G103,PROPER(G103)) -> FALSE | S103: =EXACT(H103,PROPER(H103)) -> FALSE | T103: =EXACT(I103,PROPER(I103)) -> FALSE | U103: =IF(RIGHT(J103,10)="@email.com","TRUE","FALSE") -> TRUE | V103: =IF(LEFT(K103,2)="08","TRUE","FALSE") -> TRUE
... A115: 113 | B115: EMP0113 | C115: Hermawati | D115: female | E115: 1991-07-12 | F115: 2025-11-03 | G115: Production | H115: operator | I115: probation | J115: hermawati@email.com | K115: 082913790841 | M115: =IF(COUNTIF($B$3:$B$1002,B115)>1,"Duplicate","Ok") -> Ok | N115: =EXACT(C115,PROPER(C115)) -> TRUE | O115: =EXACT(D115,PROPER(D115)) -> FALSE | P115: =IF(ISNUMBER(E115),"TRUE","FALSE") -> FALSE | Q115: =IF(ISNUMBER(F115),"TRUE","FALSE") -> FALSE | R115: =EXACT(G115,PROPER(G115)) -> TRUE | S115: =EXACT(H115,PROPER(H115)) -> FALSE | T115: =EXACT(I115,PROPER(I115)) -> FALSE | U115: =IF(RIGHT(J115,10)="@email.com","TRUE","FALSE") -> TRUE | V115: =IF(LEFT(K115,2)="08","TRUE","FALSE") -> TRUE
A116: 114 | B116: EMP0114 | C116: Nurul Mulyaningsih | D116: Female | E116: 2000-07-26 | F116: 2025-11-03 | G116: Production | H116: Operator | I116: Probation | J116: nurulmulyaningsih@email.com | K116: 85018323941 | M116: =IF(COUNTIF($B$3:$B$1002,B116)>1,"Duplicate","Ok") -> Ok | N116: =EXACT(C116,PROPER(C116)) -> TRUE | O116: =EXACT(D116,PROPER(D116)) -> TRUE | P116: =IF(ISNUMBER(E116),"TRUE","FALSE") -> FALSE | Q116: =IF(ISNUMBER(F116),"TRUE","FALSE") -> FALSE | R116: =EXACT(G116,PROPER(G116)) -> TRUE | S116: =EXACT(H116,PROPER(H116)) -> TRUE | T116: =EXACT(I116,PROPER(I116)) -> TRUE | U116: =IF(RIGHT(J116,10)="@email.com","TRUE","FALSE") -> TRUE | V116: =IF(LEFT(K116,2)="08","TRUE","FALSE") -> FALSE
A117: 115 | B117: EMP0115 | C117: Ragil Amalia Az Zahrah | D117: Female | E117: 2001-03-16 | F117: 2025-11-03 | G117: production | H117: operator | I117: Probation | J117: ragilamaliaazzahrah@email.com | K117: 085018323931 | M117: =IF(COUNTIF($B$3:$B$1002,B117)>1,"Duplicate","Ok") -> Ok | N117: =EXACT(C117,PROPER(C117)) -> TRUE | O117: =EXACT(D117,PROPER(D117)) -> TRUE | P117: =IF(ISNUMBER(E117),"TRUE","FALSE") -> FALSE | Q117: =IF(ISNUMBER(F117),"TRUE","FALSE") -> FALSE | R117: =EXACT(G117,PROPER(G117)) -> FALSE | S117: =EXACT(H117,PROPER(H117)) -> FALSE | T117: =EXACT(I117,PROPER(I117)) -> TRUE | U117: =IF(RIGHT(J117,10)="@email.com","TRUE","FALSE") -> TRUE | V117: =IF(LEFT(K117,2)="08","TRUE","FALSE") -> TRUE
A118: 116 | B118: EMP0116 | C118: Mochamad Erwin Rois | D118: Male | E118: 1997-05-21 | F118: 2025-11-03 | G118: Production | H118: operator | I118: ACTIVE | J118: mochamaderwinrois@email.com | K118: 81941365199 | M118: =IF(COUNTIF($B$3:$B$1002,B118)>1,"Duplicate","Ok") -> Ok | N118: =EXACT(C118,PROPER(C118)) -> TRUE | O118: =EXACT(D118,PROPER(D118)) -> TRUE | P118: =IF(ISNUMBER(E118),"TRUE","FALSE") -> FALSE | Q118: =IF(ISNUMBER(F118),"TRUE","FALSE") -> FALSE | R118: =EXACT(G118,PROPER(G118)) -> TRUE | S118: =EXACT(H118,PROPER(H118)) -> FALSE | T118: =EXACT(I118,PROPER(I118)) -> FALSE | U118: =IF(RIGHT(J118,10)="@email.com","TRUE","FALSE") -> TRUE | V118: =IF(LEFT(K118,2)="08","TRUE","FALSE") -> FALSE
A119: 117 | B119: EMP0117 | C119: muhammad syahrul ahnan | D119: Male | E119: 1987-01-25 | F119: 2025-11-03 | G119: warehouse | H119: warehouse staff | I119: ACTIVE | J119: muhammadsyahrulahnan@email.com | K119: 082104364954 | M119: =IF(COUNTIF($B$3:$B$1002,B119)>1,"Duplicate","Ok") -> Ok | N119: =EXACT(C119,PROPER(C119)) -> FALSE | O119: =EXACT(D119,PROPER(D119)) -> TRUE | P119: =IF(ISNUMBER(E119),"TRUE","FALSE") -> FALSE | Q119: =IF(ISNUMBER(F119),"TRUE","FALSE") -> FALSE | R119: =EXACT(G119,PROPER(G119)) -> FALSE | S119: =EXACT(H119,PROPER(H119)) -> FALSE | T119: =EXACT(I119,PROPER(I119)) -> FALSE | U119: =IF(RIGHT(J119,10)="@email.com","TRUE","FALSE") -> TRUE | V119: =IF(LEFT(K119,2)="08","TRUE","FALSE") -> TRUE
A120: 118 | B120: EMP0118 | C120: Didi Agus Setiawan | D120: male | E120: 1993-09-09 | F120: 2025-11-03 | G120: prodution | H120: operator | I120: Resigned | J120: didiagussetiawan@imail.com | K120: 086559762033 | M120: =IF(COUNTIF($B$3:$B$1002,B120)>1,"Duplicate","Ok") -> Ok | N120: =EXACT(C120,PROPER(C120)) -> TRUE | O120: =EXACT(D120,PROPER(D120)) -> FALSE | P120: =IF(ISNUMBER(E120),"TRUE","FALSE") -> FALSE | Q120: =IF(ISNUMBER(F120),"TRUE","FALSE") -> FALSE | R120: =EXACT(G120,PROPER(G120)) -> FALSE | S120: =EXACT(H120,PROPER(H120)) -> FALSE | T120: =EXACT(I120,PROPER(I120)) -> TRUE | U120: =IF(RIGHT(J120,10)="@email.com","TRUE","FALSE") -> FALSE | V120: =IF(LEFT(K120,2)="08","TRUE","FALSE") -> TRUE
A121: 119 | B121: EMP0119 | C121: Khayrunisha Salsabila | D121: Female | E121: 1994-08-07 | F121: 2025-11-03 | G121: production | H121: operator | I121: Probation | J121: khayrunishasalsabila@email.com | K121: 080752089213 | M121: =IF(COUNTIF($B$3:$B$1002,B121)>1,"Duplicate","Ok") -> Ok | N121: =EXACT(C121,PROPER(C121)) -> TRUE | O121: =EXACT(D121,PROPER(D121)) -> TRUE | P121: =IF(ISNUMBER(E121),"TRUE","FALSE") -> FALSE | Q121: =IF(ISNUMBER(F121),"TRUE","FALSE") -> FALSE | R121: =EXACT(G121,PROPER(G121)) -> FALSE | S121: =EXACT(H121,PROPER(H121)) -> FALSE | T121: =EXACT(I121,PROPER(I121)) -> TRUE | U121: =IF(RIGHT(J121,10)="@email.com","TRUE","FALSE") -> TRUE | V121: =IF(LEFT(K121,2)="08","TRUE","FALSE") -> TRUE
A122: 120 | B122: EMP0120 | C122: Diah Safitri | D122: Female | E122: 1994-10-20 | F122: 2025-11-03 | G122: production | H122: Operator | I122: resigned | J122: diahsafitri@imail.com | K122: 089265929501 | M122: =IF(COUNTIF($B$3:$B$1002,B122)>1,"Duplicate","Ok") -> Ok | N122: =EXACT(C122,PROPER(C122)) -> TRUE | O122: =EXACT(D122,PROPER(D122)) -> TRUE | P122: =IF(ISNUMBER(E122),"TRUE","FALSE") -> FALSE | Q122: =IF(ISNUMBER(F122),"TRUE","FALSE") -> FALSE | R122: =EXACT(G122,PROPER(G122)) -> FALSE | S122: =EXACT(H122,PROPER(H122)) -> TRUE | T122: =EXACT(I122,PROPER(I122)) -> FALSE | U122: =IF(RIGHT(J122,10)="@email.com","TRUE","FALSE") -> FALSE | V122: =IF(LEFT(K122,2)="08","TRUE","FALSE") -> TRUE
A123: 121 | B123: EMP0121 | C123: Gandhis Sekar Taji | D123: female | E123: 1986-06-17 | F123: 2025-11-03 | G123: HR | H123: hr staff | I123: Active | J123: gandhissekartaji@imail.com | K123: 082824785186 | M123: =IF(COUNTIF($B$3:$B$1002,B123)>1,"Duplicate","Ok") -> Ok | N123: =EXACT(C123,PROPER(C123)) -> TRUE | O123: =EXACT(D123,PROPER(D123)) -> FALSE | P123: =IF(ISNUMBER(E123),"TRUE","FALSE") -> FALSE | Q123: =IF(ISNUMBER(F123),"TRUE","FALSE") -> FALSE | R123: =EXACT(G123,PROPER(G123)) -> FALSE | S123: =EXACT(H123,PROPER(H123)) -> FALSE | T123: =EXACT(I123,PROPER(I123)) -> TRUE | U123: =IF(RIGHT(J123,10)="@email.com","TRUE","FALSE") -> FALSE | V123: =IF(LEFT(K123,2)="08","TRUE","FALSE") -> TRUE
A124: 122 | B124: EMP0122 | C124: Aditya Eka Saputra | D124: male | E124: 1995-06-11 | F124: 2025-11-03 | G124: prodution | H124: operator | I124: resigned | J124: adityaekasaputra@imail.com | K124: 089965861330 | M124: =IF(COUNTIF($B$3:$B$1002,B124)>1,"Duplicate","Ok") -> Ok | N124: =EXACT(C124,PROPER(C124)) -> TRUE | O124: =EXACT(D124,PROPER(D124)) -> FALSE | P124: =IF(ISNUMBER(E124),"TRUE","FALSE") -> FALSE | Q124: =IF(ISNUMBER(F124),"TRUE","FALSE") -> FALSE | R124: =EXACT(G124,PROPER(G124)) -> FALSE | S124: =EXACT(H124,PROPER(H124)) -> FALSE | T124: =EXACT(I124,PROPER(I124)) -> FALSE | U124: =IF(RIGHT(J124,10)="@email.com","TRUE","FALSE") -> FALSE | V124: =IF(LEFT(K124,2)="08","TRUE","FALSE") -> TRUE
A125: 123 | B125: EMP0123 | C125: Khofiatus Syukur Pratama | D125: male | E125: 1989-11-27 | F125: 2025-11-03 | G125: Production | H125: operator | I125: ACTIVE | J125: khofiatussyukurpratama@email.com | K125: 868658328 | M125: =IF(COUNTIF($B$3:$B$1002,B125)>1,"Duplicate","Ok") -> Ok | N125: =EXACT(C125,PROPER(C125)) -> TRUE | O125: =EXACT(D125,PROPER(D125)) -> FALSE | P125: =IF(ISNUMBER(E125),"TRUE","FALSE") -> FALSE | Q125: =IF(ISNUMBER(F125),"TRUE","FALSE") -> FALSE | R125: =EXACT(G125,PROPER(G125)) -> TRUE | S125: =EXACT(H125,PROPER(H125)) -> FALSE | T125: =EXACT(I125,PROPER(I125)) -> FALSE | U125: =IF(RIGHT(J125,10)="@email.com","TRUE","FALSE") -> TRUE | V125: =IF(LEFT(K125,2)="08","TRUE","FALSE") -> FALSE
A126: 124 | B126: EMP0124 | C126: Nimas Serli Purwanti | D126: female | E126: 1991-08-03 | F126: 2025-11-03 | G126: hr | H126: hr staff | I126: Resigned | J126: nimasserlipurwanti@email.com | K126: 084191247802 | M126: =IF(COUNTIF($B$3:$B$1002,B126)>1,"Duplicate","Ok") -> Ok | N126: =EXACT(C126,PROPER(C126)) -> TRUE | O126: =EXACT(D126,PROPER(D126)) -> FALSE | P126: =IF(ISNUMBER(E126),"TRUE","FALSE") -> FALSE | Q126: =IF(ISNUMBER(F126),"TRUE","FALSE") -> FALSE | R126: =EXACT(G126,PROPER(G126)) -> FALSE | S126: =EXACT(H126,PROPER(H126)) -> FALSE | T126: =EXACT(I126,PROPER(I126)) -> TRUE | U126: =IF(RIGHT(J126,10)="@email.com","TRUE","FALSE") -> TRUE | V126: =IF(LEFT(K126,2)="08","TRUE","FALSE") -> TRUE
A127: 125 | B127: EMP0125 | C127: Oki Feri Nursandi | D127: male | E127: 1995-08-07 | F127: 2025-11-03 | G127: prodution | H127: operator | I127: resigned | J127: okiferinursandi@email.com | K127: 082940326329 | M127: =IF(COUNTIF($B$3:$B$1002,B127)>1,"Duplicate","Ok") -> Ok | N127: =EXACT(C127,PROPER(C127)) -> TRUE | O127: =EXACT(D127,PROPER(D127)) -> FALSE | P127: =IF(ISNUMBER(E127),"TRUE","FALSE") -> FALSE | Q127: =IF(ISNUMBER(F127),"TRUE","FALSE") -> FALSE | R127: =EXACT(G127,PROPER(G127)) -> FALSE | S127: =EXACT(H127,PROPER(H127)) -> FALSE | T127: =EXACT(I127,PROPER(I127)) -> FALSE | U127: =IF(RIGHT(J127,10)="@email.com","TRUE","FALSE") -> TRUE | V127: =IF(LEFT(K127,2)="08","TRUE","FALSE") -> TRUE
A128: 126 | B128: EMP0126 | C128: Muhamad Parikhi | D128: male | E128: 1997/07/26 | F128: 2025-11-03 | G128: IT | H128: it support | I128: ACTIVE | J128: muhamadparikhi@email.com | K128: 82102612193 | M128: =IF(COUNTIF($B$3:$B$1002,B128)>1,"Duplicate","Ok") -> Ok | N128: =EXACT(C128,PROPER(C128)) -> TRUE | O128: =EXACT(D128,PROPER(D128)) -> FALSE | P128: =IF(ISNUMBER(E128),"TRUE","FALSE") -> FALSE | Q128: =IF(ISNUMBER(F128),"TRUE","FALSE") -> FALSE | R128: =EXACT(G128,PROPER(G128)) -> FALSE | S128: =EXACT(H128,PROPER(H128)) -> FALSE | T128: =EXACT(I128,PROPER(I128)) -> FALSE | U128: =IF(RIGHT(J128,10)="@email.com","TRUE","FALSE") -> TRUE | V128: =IF(LEFT(K128,2)="08","TRUE","FALSE") -> FALSE
A129: 127 | B129: EMP0127 | C129: Rian Adi Saputra | D129: Male | E129: 1991-10-26 | F129: 2025-11-03 | G129: production | H129: operator | I129: Probation | J129: rianadisaputra@email.com | K129: 854279230 | M129: =IF(COUNTIF($B$3:$B$1002,B129)>1,"Duplicate","Ok") -> Ok | N129: =EXACT(C129,PROPER(C129)) -> TRUE | O129: =EXACT(D129,PROPER(D129)) -> TRUE | P129: =IF(ISNUMBER(E129),"TRUE","FALSE") -> FALSE | Q129: =IF(ISNUMBER(F129),"TRUE","FALSE") -> FALSE | R129: =EXACT(G129,PROPER(G129)) -> FALSE | S129: =EXACT(H129,PROPER(H129)) -> FALSE | T129: =EXACT(I129,PROPER(I129)) -> TRUE | U129: =IF(RIGHT(J129,10)="@email.com","TRUE","FALSE") -> TRUE | V129: =IF(LEFT(K129,2)="08","TRUE","FALSE") -> FALSE
A130: 128 | B130: EMP0128 | C130: sepria adimulya | D130: Male | E130: 2000-12-27 | F130: 2025-11-03 | G130: warehouse | H130: Warehouse Staff | I130: ACTIVE | J130: sepriaadimulya@email.com | K130: 082635081873 | M130: =IF(COUNTIF($B$3:$B$1002,B130)>1,"Duplicate","Ok") -> Ok | N130: =EXACT(C130,PROPER(C130)) -> FALSE | O130: =EXACT(D130,PROPER(D130)) -> TRUE | P130: =IF(ISNUMBER(E130),"TRUE","FALSE") -> FALSE | Q130: =IF(ISNUMBER(F130),"TRUE","FALSE") -> FALSE | R130: =EXACT(G130,PROPER(G130)) -> FALSE | S130: =EXACT(H130,PROPER(H130)) -> TRUE | T130: =EXACT(I130,PROPER(I130)) -> FALSE | U130: =IF(RIGHT(J130,10)="@email.com","TRUE","FALSE") -> TRUE | V130: =IF(LEFT(K130,2)="08","TRUE","FALSE") -> TRUE
A131: 129 | B131: EMP0129 | C131: Ismiatun Maghfiroh | D131: Female | E131: 1996-12-26 | F131: 2025-11-03 | G131: purchasing | H131: purchasing staff | I131: Active | J131: ismiatunmaghfiroh@email.com | K131: 088933868092 | M131: =IF(COUNTIF($B$3:$B$1002,B131)>1,"Duplicate","Ok") -> Ok | N131: =EXACT(C131,PROPER(C131)) -> TRUE | O131: =EXACT(D131,PROPER(D131)) -> TRUE | P131: =IF(ISNUMBER(E131),"TRUE","FALSE") -> FALSE | Q131: =IF(ISNUMBER(F131),"TRUE","FALSE") -> FALSE | R131: =EXACT(G131,PROPER(G131)) -> FALSE | S131: =EXACT(H131,PROPER(H131)) -> FALSE | T131: =EXACT(I131,PROPER(I131)) -> TRUE | U131: =IF(RIGHT(J131,10)="@email.com","TRUE","FALSE") -> TRUE | V131: =IF(LEFT(K131,2)="08","TRUE","FALSE") -> TRUE
A132: 130 | B132: EMP0130 | C132: krisna juni pamungkas | D132: male | E132: 2002-10-25 | F132: 2025-11-03 | G132: Production | H132: operator | I132: active | J132: krisnajunipamungkas@email.com | K132: 085493560022 | M132: =IF(COUNTIF($B$3:$B$1002,B132)>1,"Duplicate","Ok") -> Ok | N132: =EXACT(C132,PROPER(C132)) -> FALSE | O132: =EXACT(D132,PROPER(D132)) -> FALSE | P132: =IF(ISNUMBER(E132),"TRUE","FALSE") -> FALSE | Q132: =IF(ISNUMBER(F132),"TRUE","FALSE") -> FALSE | R132: =EXACT(G132,PROPER(G132)) -> TRUE | S132: =EXACT(H132,PROPER(H132)) -> FALSE | T132: =EXACT(I132,PROPER(I132)) -> FALSE | U132: =IF(RIGHT(J132,10)="@email.com","TRUE","FALSE") -> TRUE | V132: =IF(LEFT(K132,2)="08","TRUE","FALSE") -> TRUE
A133: 131 | B133: EMP0131 | C133: Azzahra Mulyaningtyas | D133: female | E133: 2003-04-06 | F133: 2025-11-03 | G133: production | H133: operator | I133: resigned | J133: azzahramulyaningtyas@imail.com | K133: 087827766076 | M133: =IF(COUNTIF($B$3:$B$1002,B133)>1,"Duplicate","Ok") -> Ok | N133: =EXACT(C133,PROPER(C133)) -> TRUE | O133: =EXACT(D133,PROPER(D133)) -> FALSE | P133: =IF(ISNUMBER(E133),"TRUE","FALSE") -> FALSE | Q133: =IF(ISNUMBER(F133),"TRUE","FALSE") -> FALSE | R133: =EXACT(G133,PROPER(G133)) -> FALSE | S133: =EXACT(H133,PROPER(H133)) -> FALSE | T133: =EXACT(I133,PROPER(I133)) -> FALSE | U133: =IF(RIGHT(J133,10)="@email.com","TRUE","FALSE") -> FALSE | V133: =IF(LEFT(K133,2)="08","TRUE","FALSE") -> TRUE
A134: 132 | B134: EMP0132 | C134: Siti Rahayu | D134: Female | E134: 2003-09-26 | F134: 2025-11-03 | G134: production | H134: operator | I134: probation | J134: sitirahayu@email.com | K134: 083069540028 | M134: =IF(COUNTIF($B$3:$B$1002,B134)>1,"Duplicate","Ok") -> Ok | N134: =EXACT(C134,PROPER(C134)) -> TRUE | O134: =EXACT(D134,PROPER(D134)) -> TRUE | P134: =IF(ISNUMBER(E134),"TRUE","FALSE") -> FALSE | Q134: =IF(ISNUMBER(F134),"TRUE","FALSE") -> FALSE | R134: =EXACT(G134,PROPER(G134)) -> FALSE | S134: =EXACT(H134,PROPER(H134)) -> FALSE | T134: =EXACT(I134,PROPER(I134)) -> FALSE | U134: =IF(RIGHT(J134,10)="@email.com","TRUE","FALSE") -> TRUE | V134: =IF(LEFT(K134,2)="08","TRUE","FALSE") -> TRUE
A135: 133 | B135: EMP0133 | C135: Cintiya Meilina | D135: female | E135: 1992-09-22 | F135: 2025-11-03 | G135: hr | H135: hr staff | I135: Active | J135: cintiyameilina@imail.com | K135: 085794523761 | M135: =IF(COUNTIF($B$3:$B$1002,B135)>1,"Duplicate","Ok") -> Ok | N135: =EXACT(C135,PROPER(C135)) -> TRUE | O135: =EXACT(D135,PROPER(D135)) -> FALSE | P135: =IF(ISNUMBER(E135),"TRUE","FALSE") -> FALSE | Q135: =IF(ISNUMBER(F135),"TRUE","FALSE") -> FALSE | R135: =EXACT(G135,PROPER(G135)) -> FALSE | S135: =EXACT(H135,PROPER(H135)) -> FALSE | T135: =EXACT(I135,PROPER(I135)) -> TRUE | U135: =IF(RIGHT(J135,10)="@email.com","TRUE","FALSE") -> FALSE | V135: =IF(LEFT(K135,2)="08","TRUE","FALSE") -> TRUE
A136: 134 | B136: EMP0134 | C136: Wiwik Juniarsih | D136: Female | E136: 1992-05-13 | F136: 2025-11-03 | G136: Production | H136: Operator | I136: resigned | J136: wiwikjuniarsih@email.com | K136: 801337301 | M136: =IF(COUNTIF($B$3:$B$1002,B136)>1,"Duplicate","Ok") -> Ok | N136: =EXACT(C136,PROPER(C136)) -> TRUE | O136: =EXACT(D136,PROPER(D136)) -> TRUE | P136: =IF(ISNUMBER(E136),"TRUE","FALSE") -> FALSE | Q136: =IF(ISNUMBER(F136),"TRUE","FALSE") -> FALSE | R136: =EXACT(G136,PROPER(G136)) -> TRUE | S136: =EXACT(H136,PROPER(H136)) -> TRUE | T136: =EXACT(I136,PROPER(I136)) -> FALSE | U136: =IF(RIGHT(J136,10)="@email.com","TRUE","FALSE") -> TRUE | V136: =IF(LEFT(K136,2)="08","TRUE","FALSE") -> FALSE
A137: 135 | B137: EMP0135 | C137: dian elga prastika | D137: female | E137: 2000-09-07 | F137: 2025-11-03 | G137: Production | H137: Production | I137: Active | J137: dianelgaprastika@imail.com | K137: 088375734850 | M137: =IF(COUNTIF($B$3:$B$1002,B137)>1,"Duplicate","Ok") -> Ok | N137: =EXACT(C137,PROPER(C137)) -> FALSE | O137: =EXACT(D137,PROPER(D137)) -> FALSE | P137: =IF(ISNUMBER(E137),"TRUE","FALSE") -> FALSE | Q137: =IF(ISNUMBER(F137),"TRUE","FALSE") -> FALSE | R137: =EXACT(G137,PROPER(G137)) -> TRUE | S137: =EXACT(H137,PROPER(H137)) -> TRUE | T137: =EXACT(I137,PROPER(I137)) -> TRUE | U137: =IF(RIGHT(J137,10)="@email.com","TRUE","FALSE") -> FALSE | V137: =IF(LEFT(K137,2)="08","TRUE","FALSE") -> TRUE
A138: 136 | B138: EMP0136 | C138: M Niki Cahaya Purnomo | D138: male | E138: 1988-02-19 | F138: 2025-11-03 | G138: Production | H138: operator | I138: resigned | J138: mnikicahayapurnomo@email.com | K138: 084665500406 | M138: =IF(COUNTIF($B$3:$B$1002,B138)>1,"Duplicate","Ok") -> Ok | N138: =EXACT(C138,PROPER(C138)) -> TRUE | O138: =EXACT(D138,PROPER(D138)) -> FALSE | P138: =IF(ISNUMBER(E138),"TRUE","FALSE") -> FALSE | Q138: =IF(ISNUMBER(F138),"TRUE","FALSE") -> FALSE | R138: =EXACT(G138,PROPER(G138)) -> TRUE | S138: =EXACT(H138,PROPER(H138)) -> FALSE | T138: =EXACT(I138,PROPER(I138)) -> FALSE | U138: =IF(RIGHT(J138,10)="@email.com","TRUE","FALSE") -> TRUE | V138: =IF(LEFT(K138,2)="08","TRUE","FALSE") -> TRUE
A139: 137 | B139: EMP0137 | C139: ranti livia sari | D139: Female | E139: 1987-08-26 | F139: 2025-11-03 | G139: Quality Control | H139: qc inspector | I139: resigned | J139: rantiliviasari@email.com | K139: 082870294285 | M139: =IF(COUNTIF($B$3:$B$1002,B139)>1,"Duplicate","Ok") -> Ok | N139: =EXACT(C139,PROPER(C139)) -> FALSE | O139: =EXACT(D139,PROPER(D139)) -> TRUE | P139: =IF(ISNUMBER(E139),"TRUE","FALSE") -> FALSE | Q139: =IF(ISNUMBER(F139),"TRUE","FALSE") -> FALSE | R139: =EXACT(G139,PROPER(G139)) -> TRUE | S139: =EXACT(H139,PROPER(H139)) -> FALSE | T139: =EXACT(I139,PROPER(I139)) -> FALSE | U139: =IF(RIGHT(J139,10)="@email.com","TRUE","FALSE") -> TRUE | V139: =IF(LEFT(K139,2)="08","TRUE","FALSE") -> TRUE
...

Sheet Clean Data
A1: Employee Master Database Management
A2: No | B2: Employee ID | C2: Full Name | D2: Gender | E2: DOB | F2: Join Date | G2: Department | H2: Position | I2: Status | J2: Email | K2: Phone
A3: 1 | B3: EMP0001 | C3: Ridwan Akmaluddin | D3: Male | E3: 32288 | F3: 45964 | G3: Production | H3: Operator | I3: Active | J3: ridwanakmaluddin@email.com | K3: 082188191195
A4: 2 | B4: EMP0002 | C4: Siti Maghfiroh | D4: Female | E4: 31687 | F4: 45964 | G4: Production | H4: Operator | I4: Active | J4: sitimaghfiroh@email.com | K4: 0893260231
A5: 3 | B5: EMP0003 | C5: Diyah Rhodhotul Avivah | D5: Female | E5: 34609 | F5: 45964 | G5: QC | H5: QC Inspector | I5: Resigned | J5: diyahrhodhotulavivah@email.com | K5: 088550888361
A6: 4 | B6: EMP0004 | C6: Avielva Zhelviany | D6: Female | E6: 37745 | F6: 45964 | G6: Purchasing | H6: Purchasing Staff | I6: Active | J6: avielvazhelviany@email.com | K6: 085713227015
A7: 5 | B7: EMP0005 | C7: Dede Mulyaningsih | D7: Female | E7: 35757 | F7: 45964 | G7: Production | H7: Operator | I7: Active | J7: dedemulyaningsih@email.com | K7: 080015675393
A8: 6 | B8: EMP0006 | C8: Ferri Riyanto | D8: Male | E8: 37423 | F8: 45964 | G8: Production | H8: Operator | I8: Probation | J8: ferririyanto@email.com | K8: 082274087008
A9: 7 | B9: EMP0007 | C9: Alfi Nur Fadilah | D9: Female | E9: 31710 | F9: 45964 | G9: QC | H9: QC Inspector | I9: Active | J9: alfinurfadilah@email.com | K9: 083226933728
A10: 8 | B10: EMP0008 | C10: Latif Ainur Rokhmah | D10: Female | E10: 32421 | F10: 45964 | G10: Purchasing | H10: Purchasing Staff | I10: Active | J10: latifainurrokhmah@email.com | K10: 087585339477
A11: 9 | B11: EMP0009 | C11: Fajar B Pratama | D11: Male | E11: 34269 | F11: 45964 | G11: Production | H11: Operator | I11: Probation | J11: fajarbpratama@email.com | K11: 089883379308
A12: 10 | B12: EMP0010 | C12: Veby Astriani | D12: Female | E12: 32216 | F12: 45964 | G12: Production | H12: Operator | I12: Resigned | J12: vebyastriani@email.com | K12: 085418191103
A13: 11 | B13: EMP0011 | C13: A Khoirurroziqin | D13: Male | E13: 35882 | F13: 45964 | G13: Finance | H13: Finance Admin | I13: Probation | J13: akhoirurroziqin@email.com | K13: 085944301279
A14: 12 | B14: EMP0012 | C14: Dian Nur Ardilla | D14: Male | E14: 36101 | F14: 45964 | G14: Engineering | H14: Technician | I14: Active | J14: diannurardilla@email.com | K14: 0803522114
... A1002: 1000 | B1002: EMP1000 | C1002: Agus Priyadi | D1002: Male | E1002: 32340 | F1002: 46147 | G1002: Warehouse | H1002: Warehouse Staff | I1002: Active | J1002: aguspriyadi@email.com | K1002: 080019026420

Sheet Data Validation Summary
A1: Data Standards
A2: No | B2: Category | C2: Rule | D2: Ok | E2: Issue Found | F2: Total | G2: Status | H2: Excel Function Used
A3: 1 | B3: Employee ID | C3: Must be unique | D3: =COUNTIF('Working Copy & Validation Check'!$M$3:$M$1002,"Ok") -> 1000 | E3: =COUNTIF('Working Copy & Validation Check'!$M$3:$M$1002,"Duplicate") -> 0 | F3: =+D3+E3 -> 1000 | G3: Fixed | H3: =IF(COUNTIF($B$3:$B$1002,B3)>1,"Duplicate","Ok")
A4: 2 | B4: Full Name | C4: Proper Case | D4: =COUNTIF('Working Copy & Validation Check'!$N$3:$N$1002,"TRUE") -> 502 | E4: =COUNTIF('Working Copy & Validation Check'!$N$3:$N$1002,"FALSE") -> 498 | F4: =+D4+E4 -> 1000 | G4: Fixed | H4: =EXACT(C3,PROPER(C3))
A5: 3 | B5: Gender | C5: Male/Female only | D5: =COUNTIF('Working Copy & Validation Check'!$O$3:$O$1002,"TRUE") -> 472 | E5: =COUNTIF('Working Copy & Validation Check'!$O$3:$O$1002,"FALSE") -> 528 | F5: =+D5+E5 -> 1000 | G5: Fixed | H5: =EXACT(D3,PROPER(D3))
A6: 4 | B6: DOB | C6: Valid date | D6: =COUNTIFS('Working Copy & Validation Check'!$P$3:$P$1002,"TRUE") -> 0 | E6: 1000 | F6: =+D6+E6 -> 1000 | G6: Fixed | H6: =IF(ISNUMBER(E3),"TRUE","FALSE")
A7: 5 | B7: Join Date | C7: Valid date | D7: =COUNTIF('Working Copy & Validation Check'!$Q$3:$Q$1002,TRUE) -> 0 | E7: 1000 | F7: =+D7+E7 -> 1000 | G7: Fixed | H7: =IF(ISNUMBER(F3),"TRUE","FALSE")
A8: 6 | B8: Department | C8: Proper Case | D8: =COUNTIF('Working Copy & Validation Check'!$R$3:$R$1002,"TRUE") -> 476 | E8: =COUNTIF('Working Copy & Validation Check'!$R$3:$R$1002,"FALSE") -> 524 | F8: =+D8+E8 -> 1000 | G8: Fixed | H8: =EXACT(G3,PROPER(G3))
A9: 7 | B9: Position | C9: Proper Case | D9: =COUNTIF('Working Copy & Validation Check'!$S$3:$S$1002,"TRUE") -> 265 | E9: =COUNTIF('Working Copy & Validation Check'!$S$3:$S$1002,"FALSE") -> 735 | F9: =+D9+E9 -> 1000 | G9: Fixed | H9: =EXACT(H3,PROPER(H3))
A10: 8 | B10: Status | C10: Proper Case | D10: =COUNTIF('Working Copy & Validation Check'!$T$3:$T$1002,"TRUE") -> 400 | E10: =COUNTIF('Working Copy & Validation Check'!$T$3:$T$1002,"FALSE") -> 600 | F10: =+D10+E10 -> 1000 | G10: Fixed | H10: =EXACT(I3,PROPER(I3))
A11: 9 | B11: Email | C11: Valid email format | D11: 681 | E11: 319 | F11: =+D11+E11 -> 1000 | G11: Fixed | H11: =IF(RIGHT(J3,10)="@email.com","TRUE","FALSE")
A12: 10 | B12: Phone | C12: Numeric only, starts with 08 | D12: 819 | E12: 181 | F12: =+D12+E12 -> 1000 | G12: Fixed | H12: =IF(LEFT(K3,2)="08","TRUE","FALSE")
A15: Validation Rules
A16: No | B16: Field | C16: Validation Rule
A17: 1 | B17: Employee ID | C17: Must be unique
A18: 2 | B18: Full Name | C18: Proper Case
A19: 3 | B19: Gender | C19: Male or Female only
A20: 4 | B20: DOB | C20: Valid date format (DD-MM-YYYY)
A21: 5 | B21: Join Date | C21: Valid date format (DD-MM-YYYY)
A22: 6 | B22: Department | C22: HR, Finance, IT, Production, Warehouse, Marketing, QC , Purchasing, Engineering
A23: 7 | B23: Position | C23: Match Position Master
A24: 8 | B24: Status | C24: Active, Probation, Resigned
A25: 9 | B25: Email | C25: Must contain "@email.com"
A26: 10 | B26: Phone | C26: Numeric only

Sheet Data Cleaning Guide
A2: Data Cleaning Guide
A3: This guide describes the data cleaning procedures used to standardize and improve the quality of the Employee Master dataset.
A5: Data field | B5: Cleaning Procedure
A6: 1. Full Name and Gender | B6: Use the PROPER function to convert all text into Proper Case.
A7: 2. Date of Birth (DOB) and Join Date | B7: Convert the text to a valid Excel date by following these steps:
B8: Go to Data → Text to Columns.
B9: Select Delimited → Next.
B10: Leave all delimiters unchecked, then click Next.
B11: Under Column Data Format, select Date (YMD).
B12: Click Finish.
B14: To display the date in the required format:
B15: Go to Home → Number Format → Custom.
B16: Enter DD-MM-YYYY, then click OK.
A18: 3. Department | B18: Apply a filter to identify incorrect department names.
B19: Correct any misspelled department names.
B20: Use the PROPER function to standardize the text.
B21: For abbreviations such as HR, IT, and QC, use the UPPER function.
A23: 4. Position | B23: Use the Find and Replace tool to correct misspelled position names.
B24: Find what: Enter the incorrect text.
B25: Replace with: Enter the correct text.
B26: Alternatively, use the PROPER function together with SUBSTITUTE to preserve abbreviations.
B28: Example:
B29: =SUBSTITUTE(PROPER(A2),"Hr ","HR ")
B30: This example is specifically for the abbreviation HR.
A32: 5. Status | B32: Use the PROPER function to standardize all status values.
A34: 6. Email | B34: Use the Find and Replace tool to correct invalid email domains.
B36: Example:
B37: Find what: @imail.com
B38: Replace with: @email.com
A40: 7. Phone Number | B40: Apply a filter to identify invalid phone numbers.
B41: If a phone number is missing the leading zero, use the following formula:
B43: ="0"&A2
B44: Replace A2 with the appropriate cell reference.

Sheet Data Dictionary
A1: Title | B1: Data Dictionary
A2: Description | B2: This document describes the structure, data types, and definitions of each column in the Employee Master dataset.
A4: Column Name | B4: Data Type | C4: Description | D4: Example
A5: Employee ID | B5: Text | C5: Unique identifier assigned to each employee. | D5: EMP0001
A6: Full Name | B6: Text | C6: Employee's full name. | D6: John Smith
A7: Gender | B7: Text | C7: Employee's gender. | D7: Female
A8: Date of Birth | B8: Date | C8: Employee's date of birth. | D8: 15-08-1995
A9: Join Date | B9: Date | C9: Employee's employment start date. | D9: 01-02-2024
A10: Department | B10: Text | C10: Employee's department. | D10: HR
A11: Position | B11: Text | C11: Employee's job title. | D11: HR Staff
A12: Status | B12: Text | C12: Employee's employment status. | D12: Active
A13: Email | B13: Text | C13: Employee's email address. | D13: john@email.com
A14: Phone Number | B14: Text | C14: Employee's contact number. | D14: 081234567890

Sheet Dashboard
A1: Employee Master Dashboard
B4: Total Employees | D4: Total Departments | F4: Total Positions
B5: 1000 | D5: =COUNT($B$24:$B$32) -> 9 | F5: =COUNT($K$24:$K$32) -> 9
A10: Row Labels | B10: Count of Status | G10: Row Labels | H10: Count of Gender
A11: Active | B11: 464 | G11: Female | H11: 597
A12: Probation | B12: 300 | G12: Male | H12: 403
A13: Resigned | B13: 236 | G13: Grand Total | H13: 1000
A14: Grand Total | B14: 1000
A23: Row Labels | B23: Count of Department | J23: Row Labels | K23: Count of Position
A24: Engineering | B24: 68 | J24: Finance Admin | K24: 18
A25: Finance | B25: 18 | J25: HR Staff | K25: 18
A26: HR | B26: 18 | J26: IT Support | K26: 32
A27: IT | B27: 32 | J27: Marketing Staff | K27: 15
A28: Marketing | B28: 15 | J28: Operator | K28: 638
A29: Production | B29: 638 | J29: Purchasing Staff | K29: 12
A30: Purchasing | B30: 12 | J30: QC Inspector | K30: 102
A31: QC | B31: 102 | J31: Technician | K31: 68
A32: Warehouse | B32: 97 | J32: Warehouse Staff | K32: 97
A33: Grand Total | B33: 1000 | J33: Grand Total | K33: 1000
